gbifID	datasetKey	occurrenceID	kingdom	phylum	class	order	family	genus	species	infraspecificEpithet	taxonRank	scientificName	verbatimScientificName	verbatimScientificNameAuthorship	countryCode	locality	stateProvince	occurrenceStatus	individualCount	publishingOrgKey	decimalLatitude	decimalLongitude	coordinateUncertaintyInMeters	coordinatePrecision	elevation	elevationAccuracy	depth	depthAccuracy	eventDate	day	month	year	taxonKey	speciesKey	basisOfRecord	institutionCode	collectionCode	catalogNumber	recordNumber	identifiedBy	dateIdentified	license	rightsHolder	recordedBy	typeStatus	establishmentMeans	lastInterpreted	mediaType	issue
4413800584	50c9509d-22c7-4a22-a47d-8c48425ef4a7	https://www.inaturalist.org/observations/182011269	Animalia	Arthropoda	Insecta	Diptera	Oestridae	Dermatobia	Dermatobia hominis		SPECIES	Dermatobia hominis (Linnaeus, 1781)	Dermatobia hominis		CO		Risaralda	PRESENT		28eb1a3f-1c15-4a95-931a-4af90ecb574d	4.843426	-75.818306	611.0						2023-09-05T13:47:00	5	9	2023	1587436	1587436	HUMAN_OBSERVATION	iNaturalist	Observations	182011269		Rodrigo Dios	2023-09-07T22:29:20	CC_BY_NC_4_0	smiley_beaver	smiley_beaver			2023-10-19T10:36:22.509Z	StillImage	COORDINATE_ROUNDED;CONTINENT_DERIVED_FROM_COORDINATES;TAXON_MATCH_TAXON_ID_IGNORED
4407273499	50c9509d-22c7-4a22-a47d-8c48425ef4a7	https://www.inaturalist.org/observations/170055382	Animalia	Arthropoda	Insecta	Diptera	Oestridae	Dermatobia	Dermatobia hominis		SPECIES	Dermatobia hominis (Linnaeus, 1781)	Dermatobia hominis		CR		Alajuela	PRESENT		28eb1a3f-1c15-4a95-931a-4af90ecb574d	10.466867	-84.723733	1163.0						2023-06-28T08:40:00	28	6	2023	1587436	1587436	HUMAN_OBSERVATION	iNaturalist	Observations	170055382		Santiago	2023-07-04T01:45:19	CC_BY_NC_4_0	hanzelm	hanzelm			2023-10-19T10:56:32.287Z	StillImage	COORDINATE_ROUNDED;CONTINENT_DERIVED_FROM_COORDINATES;TAXON_MATCH_TAXON_ID_IGNORED
4407245401	50c9509d-22c7-4a22-a47d-8c48425ef4a7	https://www.inaturalist.org/observations/148752989	Animalia	Arthropoda	Insecta	Diptera	Oestridae	Dermatobia	Dermatobia hominis		SPECIES	Dermatobia hominis (Linnaeus, 1781)	Dermatobia hominis		DK		Midtjylland	PRESENT		28eb1a3f-1c15-4a95-931a-4af90ecb574d	56.166571	10.201625	37.0						2008-02-12T14:36:00	12	2	2008	1587436	1587436	HUMAN_OBSERVATION	iNaturalist	Observations	148752989		tomas_cedhagen	2023-02-14T11:13:55	CC_BY_NC_4_0	tomas_cedhagen	tomas_cedhagen			2023-10-19T10:33:40.998Z	StillImage	COORDINATE_ROUNDED;CONTINENT_DERIVED_FROM_COORDINATES;TAXON_MATCH_TAXON_ID_IGNORED
4171726541	50c9509d-22c7-4a22-a47d-8c48425ef4a7	https://www.inaturalist.org/observations/121255014	Animalia	Arthropoda	Insecta	Diptera	Oestridae	Dermatobia	Dermatobia hominis		SPECIES	Dermatobia hominis (Linnaeus, 1781)	Dermatobia hominis		CO		Antioquia	PRESENT		28eb1a3f-1c15-4a95-931a-4af90ecb574d	6.260873	-75.567158							2022-06-11T11:13:01	11	6	2022	1587436	1587436	HUMAN_OBSERVATION	iNaturalist	Observations	121255014		Giovanny esteban zapata usuga	2022-06-11T16:16:09	CC_BY_NC_4_0	Giovanny esteban zapata usuga	Giovanny esteban zapata usuga			2023-10-19T10:53:43.775Z	StillImage	COORDINATE_ROUNDED;CONTINENT_DERIVED_FROM_COORDINATES;TAXON_MATCH_TAXON_ID_IGNORED
4165523309	50c9509d-22c7-4a22-a47d-8c48425ef4a7	https://www.inaturalist.org/observations/41215685	Animalia	Arthropoda	Insecta	Diptera	Oestridae	Dermatobia	Dermatobia hominis		SPECIES	Dermatobia hominis (Linnaeus, 1781)	Dermatobia hominis		AR		Misiones	PRESENT		28eb1a3f-1c15-4a95-931a-4af90ecb574d	-26.631966	-54.108403	15.0						2017-03-31T11:37:00	31	3	2017	1587436	1587436	HUMAN_OBSERVATION	iNaturalist	Observations	41215685		diegodominguez	2020-04-02T06:08:17	CC_BY_NC_4_0	diegodominguez	diegodominguez			2023-10-19T10:17:17.271Z	StillImage	COORDINATE_ROUNDED;CONTINENT_DERIVED_FROM_COORDINATES;TAXON_MATCH_TAXON_ID_IGNORED
4148398715	54facf62-bf0c-43e7-9972-4fdc407fa6c5	071611ab-b695-40d0-967a-a65af78fa55d	Animalia	Arthropoda	Insecta	Diptera	Oestridae	Dermatobia	Dermatobia hominis		SPECIES	Dermatobia hominis (Linnaeus, 1781)	Dermatobia hominis (Linnaeus, 1781)		GF			PRESENT		1928bdf0-f5d2-11dc-8c12-b8a03c50a862	4.93226	-52.76686	44518.0						2020-02-26T00:00:00	26	2	2020	1587436	1587436	HUMAN_OBSERVATION							CC_BY_4_0		Bernard Perthuis			2023-08-26T00:29:34.578Z		COUNTRY_MISMATCH;CONTINENT_DERIVED_FROM_COORDINATES
4137674630	50c9509d-22c7-4a22-a47d-8c48425ef4a7	https://www.inaturalist.org/observations/166482527	Animalia	Arthropoda	Insecta	Diptera	Oestridae	Dermatobia	Dermatobia hominis		SPECIES	Dermatobia hominis (Linnaeus, 1781)	Dermatobia hominis		GF		Cayenne	PRESENT		28eb1a3f-1c15-4a95-931a-4af90ecb574d	4.913853	-52.269161	357.0						2023-06-07T19:34:00	7	6	2023	1587436	1587436	HUMAN_OBSERVATION	iNaturalist	Observations	166482527		christian marty	2023-06-09T21:25:33	CC_BY_NC_4_0	christian marty	christian marty			2023-10-19T10:58:43.303Z	StillImage	COORDINATE_ROUNDED;CONTINENT_DERIVED_FROM_COORDINATES;TAXON_MATCH_TAXON_ID_IGNORED
4133685584	50c9509d-22c7-4a22-a47d-8c48425ef4a7	https://www.inaturalist.org/observations/161992037	Animalia	Arthropoda	Insecta	Diptera	Oestridae	Dermatobia	Dermatobia hominis		SPECIES	Dermatobia hominis (Linnaeus, 1781)	Dermatobia hominis		CO		Antioquia	PRESENT		28eb1a3f-1c15-4a95-931a-4af90ecb574d	6.777925	-74.794009	2191.0						2023-05-04T10:18:00	4	5	2023	1587436	1587436	HUMAN_OBSERVATION	iNaturalist	Observations	161992037		socratesdl	2023-06-09T04:08:43	CC_BY_NC_4_0	Nicolás Zambrano	Nicolás Zambrano			2023-10-19T10:48:19.662Z	StillImage	COORDINATE_ROUNDED;CONTINENT_DERIVED_FROM_COORDINATES;TAXON_MATCH_TAXON_ID_IGNORED
4130067944	50c9509d-22c7-4a22-a47d-8c48425ef4a7	https://www.inaturalist.org/observations/165404468	Animalia	Arthropoda	Insecta	Diptera	Oestridae	Dermatobia	Dermatobia hominis		SPECIES	Dermatobia hominis (Linnaeus, 1781)	Dermatobia hominis		BZ		Cayo	PRESENT		28eb1a3f-1c15-4a95-931a-4af90ecb574d	17.1423	-88.876973							2023-06-01T07:33:00	1	6	2023	1587436	1587436	HUMAN_OBSERVATION	iNaturalist	Observations	165404468		Belize Karst Habitat Conservation	2023-06-03T23:20:00	CC_BY_NC_4_0	Belize Karst Habitat Conservation	Belize Karst Habitat Conservation			2023-10-19T10:48:50.012Z	StillImage	COORDINATE_ROUNDED;CONTINENT_DERIVED_FROM_COORDINATES;TAXON_MATCH_TAXON_ID_IGNORED
4112087293	50c9509d-22c7-4a22-a47d-8c48425ef4a7	https://www.inaturalist.org/observations/159774097	Animalia	Arthropoda	Insecta	Diptera	Oestridae	Dermatobia	Dermatobia hominis		SPECIES	Dermatobia hominis (Linnaeus, 1781)	Dermatobia hominis		GF		Saint-Laurent-du-Maroni	PRESENT		28eb1a3f-1c15-4a95-931a-4af90ecb574d	3.285173	-53.784017	15625.0						2023-04-30T09:21:00	30	4	2023	1587436	1587436	HUMAN_OBSERVATION	iNaturalist	Observations	159774097		christian marty	2023-05-05T01:23:03	CC_BY_NC_4_0	christian marty	christian marty			2023-10-19T10:34:13.697Z	StillImage	COORDINATE_ROUNDED;CONTINENT_DERIVED_FROM_COORDINATES;TAXON_MATCH_TAXON_ID_IGNORED
4096944341	50c9509d-22c7-4a22-a47d-8c48425ef4a7	https://www.inaturalist.org/observations/156168998	Animalia	Arthropoda	Insecta	Diptera	Oestridae	Dermatobia	Dermatobia hominis		SPECIES	Dermatobia hominis (Linnaeus, 1781)	Dermatobia hominis		BR		Rondônia	PRESENT		28eb1a3f-1c15-4a95-931a-4af90ecb574d	-8.731071	-63.907649	5.0						2023-04-22T22:17:19	22	4	2023	1587436	1587436	HUMAN_OBSERVATION	iNaturalist	Observations	156168998		Kenny Uéslei	2023-04-23T02:30:46	CC_BY_NC_4_0	Kenny Uéslei	Kenny Uéslei			2023-10-19T11:02:34.503Z	StillImage	COORDINATE_ROUNDED;CONTINENT_DERIVED_FROM_COORDINATES;TAXON_MATCH_TAXON_ID_IGNORED
4096690339	50c9509d-22c7-4a22-a47d-8c48425ef4a7	https://www.inaturalist.org/observations/156150325	Animalia	Arthropoda	Insecta	Diptera	Oestridae	Dermatobia	Dermatobia hominis		SPECIES	Dermatobia hominis (Linnaeus, 1781)	Dermatobia hominis		BR		Minas Gerais	PRESENT		28eb1a3f-1c15-4a95-931a-4af90ecb574d	-20.926211	-42.541556	305.0						2023-01-25T12:57:00	25	1	2023	1587436	1587436	HUMAN_OBSERVATION	iNaturalist	Observations	156150325		Iracambi Rainforest Conservation and Research Center	2023-04-23T00:10:06	CC_BY_NC_4_0	Iracambi Rainforest Conservation and Research Center	Iracambi Rainforest Conservation and Research Center			2023-10-19T10:47:41.597Z	StillImage	COORDINATE_ROUNDED;CONTINENT_DERIVED_FROM_COORDINATES;TAXON_MATCH_TAXON_ID_IGNORED
4075725353	50c9509d-22c7-4a22-a47d-8c48425ef4a7	https://www.inaturalist.org/observations/35084708	Animalia	Arthropoda	Insecta	Diptera	Oestridae	Dermatobia	Dermatobia hominis		SPECIES	Dermatobia hominis (Linnaeus, 1781)	Dermatobia hominis		CO		Caquetá	PRESENT		28eb1a3f-1c15-4a95-931a-4af90ecb574d	2.140989	-74.892883	977.0						2019-08-30T08:32:00	30	8	2019	1587436	1587436	HUMAN_OBSERVATION	iNaturalist	Observations	35084708		Santiago	2021-05-13T04:35:44	CC_BY_NC_4_0	dennist	dennist			2023-10-19T10:33:10.473Z	StillImage	COORDINATE_ROUNDED;CONTINENT_DERIVED_FROM_COORDINATES;TAXON_MATCH_TAXON_ID_IGNORED
4075676313	50c9509d-22c7-4a22-a47d-8c48425ef4a7	https://www.inaturalist.org/observations/10417018	Animalia	Arthropoda	Insecta	Diptera	Oestridae	Dermatobia	Dermatobia hominis		SPECIES	Dermatobia hominis (Linnaeus, 1781)	Dermatobia hominis		BZ		Stann Creek	PRESENT		28eb1a3f-1c15-4a95-931a-4af90ecb574d	16.780794	-88.458824	122.0						2014-12-05T19:50:00	5	12	2014	1587436	1587436	HUMAN_OBSERVATION	iNaturalist	Observations	10417018		Mark Conboy	2018-03-25T19:02:21	CC_BY_NC_4_0	Mark Conboy	Mark Conboy			2023-10-19T11:06:26.363Z	StillImage	COORDINATE_ROUNDED;CONTINENT_DERIVED_FROM_COORDINATES;TAXON_MATCH_TAXON_ID_IGNORED
4075673556	50c9509d-22c7-4a22-a47d-8c48425ef4a7	https://www.inaturalist.org/observations/106397822	Animalia	Arthropoda	Insecta	Diptera	Oestridae	Dermatobia	Dermatobia hominis		SPECIES	Dermatobia hominis (Linnaeus, 1781)	Dermatobia hominis		GB		England	PRESENT		28eb1a3f-1c15-4a95-931a-4af90ecb574d	51.071986	0.316957	7.0						2022-02-08T21:23:28	8	2	2022	1587436	1587436	HUMAN_OBSERVATION	iNaturalist	Observations	106397822		Luis Brown	2022-02-08T21:24:37	CC_BY_NC_4_0	Luis Brown	Luis Brown			2023-10-19T10:27:53.355Z	StillImage	COORDINATE_ROUNDED;CONTINENT_DERIVED_FROM_COORDINATES;TAXON_MATCH_TAXON_ID_IGNORED
4067340683	50c9509d-22c7-4a22-a47d-8c48425ef4a7	https://www.inaturalist.org/observations/140722222	Animalia	Arthropoda	Insecta	Diptera	Oestridae	Dermatobia	Dermatobia hominis		SPECIES	Dermatobia hominis (Linnaeus, 1781)	Dermatobia hominis		BR		Minas Gerais	PRESENT		28eb1a3f-1c15-4a95-931a-4af90ecb574d	-18.575542	-41.918442	18.0						2021-01-14T16:48:41	14	1	2021	1587436	1587436	HUMAN_OBSERVATION	iNaturalist	Observations	140722222		Paulo Gonçalves Carvalho	2022-11-01T02:36:31	CC_BY_NC_4_0	williansouza	williansouza			2023-10-19T11:19:54.870Z	StillImage	COORDINATE_ROUNDED;CONTINENT_DERIVED_FROM_COORDINATES;TAXON_MATCH_TAXON_ID_IGNORED
4054919586	50c9509d-22c7-4a22-a47d-8c48425ef4a7	https://www.inaturalist.org/observations/149739970	Animalia	Arthropoda	Insecta	Diptera	Oestridae	Dermatobia	Dermatobia hominis		SPECIES	Dermatobia hominis (Linnaeus, 1781)	Dermatobia hominis		BZ		Cayo	PRESENT		28eb1a3f-1c15-4a95-931a-4af90ecb574d	17.129225	-88.593587							2023-01-29T13:22:00	29	1	2023	1587436	1587436	HUMAN_OBSERVATION	iNaturalist	Observations	149739970		Jason Headley	2023-02-26T17:14:04	CC_BY_4_0	Jason Headley	Jason Headley			2023-10-19T11:21:05.778Z	StillImage	COORDINATE_ROUNDED;CONTINENT_DERIVED_FROM_COORDINATES;TAXON_MATCH_TAXON_ID_IGNORED
4054787532	50c9509d-22c7-4a22-a47d-8c48425ef4a7	https://www.inaturalist.org/observations/146659068	Animalia	Arthropoda	Insecta	Diptera	Oestridae	Dermatobia	Dermatobia hominis		SPECIES	Dermatobia hominis (Linnaeus, 1781)	Dermatobia hominis		CR		Puntarenas	PRESENT		28eb1a3f-1c15-4a95-931a-4af90ecb574d	9.959587	-85.223282	224.0						2023-01-15T16:19:07	15	1	2023	1587436	1587436	HUMAN_OBSERVATION	iNaturalist	Observations	146659068		loicdeleeuw	2023-01-16T01:57:19	CC_BY_NC_4_0	loicdeleeuw	loicdeleeuw			2023-10-19T10:34:03.263Z	StillImage	COORDINATE_ROUNDED;CONTINENT_DERIVED_FROM_COORDINATES;TAXON_MATCH_TAXON_ID_IGNORED
4054730566	50c9509d-22c7-4a22-a47d-8c48425ef4a7	https://www.inaturalist.org/observations/149738424	Animalia	Arthropoda	Insecta	Diptera	Oestridae	Dermatobia	Dermatobia hominis		SPECIES	Dermatobia hominis (Linnaeus, 1781)	Dermatobia hominis		BZ		Cayo	PRESENT		28eb1a3f-1c15-4a95-931a-4af90ecb574d	17.131797	-88.59682							2023-01-29T12:06:00	29	1	2023	1587436	1587436	HUMAN_OBSERVATION	iNaturalist	Observations	149738424		Jason Headley	2023-02-26T16:56:22	CC_BY_4_0	Jason Headley	Jason Headley			2023-10-19T10:34:08.545Z	StillImage	COORDINATE_ROUNDED;CONTINENT_DERIVED_FROM_COORDINATES;TAXON_MATCH_TAXON_ID_IGNORED
4050565420	f553f8f9-b147-4f09-86e5-0d1ce1a91ce0	96f65ddc-bf7c-436f-b2dc-87769727c238	Animalia	Arthropoda	Insecta	Diptera	Oestridae	Dermatobia	Dermatobia hominis		SPECIES	Dermatobia hominis (Linnaeus, 1781)	Dermatobia hominis (Linnaeus, 1781)		GF			PRESENT		1928bdf0-f5d2-11dc-8c12-b8a03c50a862	3.92404	-53.23477	201367.0										1587436	1587436	HUMAN_OBSERVATION							CC_BY_4_0					2023-09-27T08:33:32.739Z		COUNTRY_MISMATCH;CONTINENT_DERIVED_FROM_COORDINATES;TAXON_MATCH_TAXON_ID_IGNORED
4046659543	50c9509d-22c7-4a22-a47d-8c48425ef4a7	https://www.inaturalist.org/observations/126413779	Animalia	Arthropoda	Insecta	Diptera	Oestridae	Dermatobia	Dermatobia hominis		SPECIES	Dermatobia hominis (Linnaeus, 1781)	Dermatobia hominis		AR		Misiones	PRESENT		28eb1a3f-1c15-4a95-931a-4af90ecb574d	-27.200145	-54.016732	244.0						2006-11-27T11:40:00	27	11	2006	1587436	1587436	HUMAN_OBSERVATION	iNaturalist	Observations	126413779		Ricardo D. Moyano	2022-07-16T00:05:36	CC_BY_NC_4_0	Ricardo D. Moyano	Ricardo D. Moyano			2023-10-19T10:30:52.312Z	StillImage	COORDINATE_ROUNDED;CONTINENT_DERIVED_FROM_COORDINATES;TAXON_MATCH_TAXON_ID_IGNORED
4022237886	50c9509d-22c7-4a22-a47d-8c48425ef4a7	https://www.inaturalist.org/observations/146883987	Animalia	Arthropoda	Insecta	Diptera	Oestridae	Dermatobia	Dermatobia hominis		SPECIES	Dermatobia hominis (Linnaeus, 1781)	Dermatobia hominis		BR		São Paulo	PRESENT		28eb1a3f-1c15-4a95-931a-4af90ecb574d	-23.667061	-46.587834	1.0						2014-01-19T00:00:00	19	1	2014	1587436	1587436	HUMAN_OBSERVATION	iNaturalist	Observations	146883987		Ericson Cernawsky Igual	2023-01-19T11:28:50	CC_BY_NC_4_0	Ericson Cernawsky Igual	Ericson Cernawsky Igual			2023-10-19T10:54:54.983Z	StillImage	COORDINATE_ROUNDED;CONTINENT_DERIVED_FROM_COORDINATES;TAXON_MATCH_TAXON_ID_IGNORED
4014939937	50c9509d-22c7-4a22-a47d-8c48425ef4a7	https://www.inaturalist.org/observations/145892927	Animalia	Arthropoda	Insecta	Diptera	Oestridae	Dermatobia	Dermatobia hominis		SPECIES	Dermatobia hominis (Linnaeus, 1781)	Dermatobia hominis		BR		Paraná	PRESENT		28eb1a3f-1c15-4a95-931a-4af90ecb574d	-25.788372	-53.645269	20.0						2023-01-05T10:41:30	5	1	2023	1587436	1587436	HUMAN_OBSERVATION	iNaturalist	Observations	145892927		Matheus Soares	2023-01-06T03:32:36	CC_BY_NC_4_0	Rony Ristow	Rony Ristow			2023-10-19T11:19:52.230Z	StillImage	COORDINATE_ROUNDED;CONTINENT_DERIVED_FROM_COORDINATES;TAXON_MATCH_TAXON_ID_IGNORED
3947124475	50c9509d-22c7-4a22-a47d-8c48425ef4a7	https://www.inaturalist.org/observations/138852991	Animalia	Arthropoda	Insecta	Diptera	Oestridae	Dermatobia	Dermatobia hominis		SPECIES	Dermatobia hominis (Linnaeus, 1781)	Dermatobia hominis		BR		São Paulo	PRESENT		28eb1a3f-1c15-4a95-931a-4af90ecb574d	-23.460748	-47.057784	414.0						2022-10-15T11:22:13	15	10	2022	1587436	1587436	HUMAN_OBSERVATION	iNaturalist	Observations	138852991		Tiago Lubiana	2022-10-15T15:54:58	CC0_1_0	Tiago Lubiana	Tiago Lubiana			2023-10-19T10:53:15.438Z	StillImage	COORDINATE_ROUNDED;CONTINENT_DERIVED_FROM_COORDINATES;TAXON_MATCH_TAXON_ID_IGNORED
3935008791	91aa3d5b-6f77-4135-a823-cef438a60dfa	f4cefd89-ede2-42a7-a3b7-3d9686f17954	Animalia	Arthropoda	Insecta	Diptera	Oestridae	Dermatobia	Dermatobia hominis		SPECIES	Dermatobia hominis (Linnaeus, 1781)	Dermatobia hominis (Linnaeus, 1781)		GF			PRESENT		1928bdf0-f5d2-11dc-8c12-b8a03c50a862	3.92404	-53.23477	201367.0										1587436	1587436	HUMAN_OBSERVATION							CC_BY_4_0					2023-08-26T03:57:45.429Z		COUNTRY_MISMATCH;CONTINENT_DERIVED_FROM_COORDINATES
3923517596	50c9509d-22c7-4a22-a47d-8c48425ef4a7	https://www.inaturalist.org/observations/134126045	Animalia	Arthropoda	Insecta	Diptera	Oestridae	Dermatobia	Dermatobia hominis		SPECIES	Dermatobia hominis (Linnaeus, 1781)	Dermatobia hominis		PA		Darién	PRESENT		28eb1a3f-1c15-4a95-931a-4af90ecb574d	7.782011	-77.684681	3906.0						2008-03-08T00:00:00	8	3	2008	1587436	1587436	HUMAN_OBSERVATION	iNaturalist	Observations	134126045		jcsullivan	2022-09-08T02:52:41	CC_BY_NC_4_0	jcsullivan	jcsullivan			2023-10-19T10:52:40.421Z	StillImage	COORDINATE_ROUNDED;CONTINENT_DERIVED_FROM_COORDINATES;TAXON_MATCH_TAXON_ID_IGNORED
3923414418	50c9509d-22c7-4a22-a47d-8c48425ef4a7	https://www.inaturalist.org/observations/86215743	Animalia	Arthropoda	Insecta	Diptera	Oestridae	Dermatobia	Dermatobia hominis		SPECIES	Dermatobia hominis (Linnaeus, 1781)	Dermatobia hominis		BR		São Paulo	PRESENT		28eb1a3f-1c15-4a95-931a-4af90ecb574d	-23.332557	-46.686489	387717.0						2019-05-22T00:00:00	22	5	2019	1587436	1587436	HUMAN_OBSERVATION	iNaturalist	Observations	86215743		Matheus Soares	2021-07-09T12:16:15	CC_BY_NC_4_0	Carlos Otávio Gussoni	Carlos Otávio Gussoni			2023-10-19T10:24:00.603Z	StillImage	COORDINATE_ROUNDED;CONTINENT_DERIVED_FROM_COORDINATES;TAXON_MATCH_TAXON_ID_IGNORED
3902965023	50c9509d-22c7-4a22-a47d-8c48425ef4a7	https://www.inaturalist.org/observations/132284581	Animalia	Arthropoda	Insecta	Diptera	Oestridae	Dermatobia	Dermatobia hominis		SPECIES	Dermatobia hominis (Linnaeus, 1781)	Dermatobia hominis		BR		Amazonas	PRESENT		28eb1a3f-1c15-4a95-931a-4af90ecb574d	-4.289181	-70.293757	211.0						2020-02-23T10:27:00	23	2	2020	1587436	1587436	HUMAN_OBSERVATION	iNaturalist	Observations	132284581		Jakob Dulisse	2022-08-25T15:30:16	CC_BY_NC_4_0	Jakob Dulisse	Jakob Dulisse			2023-10-19T10:31:12.992Z	StillImage	COORDINATE_ROUNDED;CONTINENT_DERIVED_FROM_COORDINATES;TAXON_MATCH_TAXON_ID_IGNORED
3873514683	50c9509d-22c7-4a22-a47d-8c48425ef4a7	https://www.inaturalist.org/observations/119919767	Animalia	Arthropoda	Insecta	Diptera	Oestridae	Dermatobia	Dermatobia hominis		SPECIES	Dermatobia hominis (Linnaeus, 1781)	Dermatobia hominis		MX		Chiapas	PRESENT		28eb1a3f-1c15-4a95-931a-4af90ecb574d	16.899705	-90.966719							2022-06-02T12:06:58	2	6	2022	1587436	1587436	HUMAN_OBSERVATION	iNaturalist	Observations	119919767		Martin Hauser	2022-06-03T03:59:46	CC_BY_NC_4_0	Siyaj Chan SC de RL de CV	Siyaj Chan SC de RL de CV			2023-10-19T10:29:53.654Z	StillImage	COORDINATE_ROUNDED;CONTINENT_DERIVED_FROM_COORDINATES;TAXON_MATCH_TAXON_ID_IGNORED
3858488139	50c9509d-22c7-4a22-a47d-8c48425ef4a7	https://www.inaturalist.org/observations/121101127	Animalia	Arthropoda	Insecta	Diptera	Oestridae	Dermatobia	Dermatobia hominis		SPECIES	Dermatobia hominis (Linnaeus, 1781)	Dermatobia hominis		GF		Cayenne	PRESENT		28eb1a3f-1c15-4a95-931a-4af90ecb574d	5.086536	-52.603769	15625.0						2020-02-26T00:00:00	26	2	2020	1587436	1587436	HUMAN_OBSERVATION	iNaturalist	Observations	121101127		sinnacomb	2022-06-10T15:41:07	CC_BY_NC_4_0	sinnacomb	sinnacomb			2023-10-19T10:29:06.395Z	StillImage	COORDINATE_ROUNDED;CONTINENT_DERIVED_FROM_COORDINATES;TAXON_MATCH_TAXON_ID_IGNORED
3846994493	6ed43f52-25d1-4d56-a821-63a8564b81f6	305b931b-871d-4c06-aed5-4a05546cd2ac	Animalia	Arthropoda	Insecta	Diptera	Oestridae	Dermatobia	Dermatobia hominis		SPECIES	Dermatobia hominis (Linnaeus, 1781)	Dermatobia hominis (Linnaeus, 1781)		GF			PRESENT		1928bdf0-f5d2-11dc-8c12-b8a03c50a862	3.92404	-53.23477	201367.0										1587436	1587436	HUMAN_OBSERVATION							CC_BY_4_0					2023-08-26T01:37:39.782Z		COUNTRY_MISMATCH;CONTINENT_DERIVED_FROM_COORDINATES
3801928250	68513375-3aa5-4f6f-9975-d97d56c21d61	64c834c7-00b9-4ad2-81b2-61bd6e6c4924	Animalia	Arthropoda	Insecta	Diptera	Oestridae	Dermatobia	Dermatobia hominis		SPECIES	Dermatobia hominis (Linnaeus, 1781)	Dermatobia hominis (Linnaeus, 1781)	(Linnaeus, 1781)	MX		Oaxaca	PRESENT	1	fd0038d0-3e7b-11d9-8439-b8a03c50a862	16.333333	-95.233333	10000.0										1587436	1587436	PRESERVED_SPECIMEN	INHS		INHS Insect Collection 865278			2019-01-01T00:00:00	CC_BY_4_0					2023-10-19T08:42:03.489Z		GEODETIC_DATUM_ASSUMED_WGS84;CONTINENT_DERIVED_FROM_COORDINATES;COLLECTION_MATCH_NONE
3773359751	50c9509d-22c7-4a22-a47d-8c48425ef4a7	https://www.inaturalist.org/observations/116274702	Animalia	Arthropoda	Insecta	Diptera	Oestridae	Dermatobia	Dermatobia hominis		SPECIES	Dermatobia hominis (Linnaeus, 1781)	Dermatobia hominis		AR		Misiones	PRESENT		28eb1a3f-1c15-4a95-931a-4af90ecb574d	-25.776396	-53.857489	931.0						2013-11-28T21:06:07	28	11	2013	1587436	1587436	HUMAN_OBSERVATION	iNaturalist	Observations	116274702		Eduardo Muñoz	2022-05-10T12:11:17	CC_BY_NC_4_0	Eduardo Muñoz	Eduardo Muñoz			2023-10-19T10:29:06.239Z	StillImage	COORDINATE_ROUNDED;CONTINENT_DERIVED_FROM_COORDINATES;TAXON_MATCH_TAXON_ID_IGNORED
3764238457	50c9509d-22c7-4a22-a47d-8c48425ef4a7	https://www.inaturalist.org/observations/112065867	Animalia	Arthropoda	Insecta	Diptera	Oestridae	Dermatobia	Dermatobia hominis		SPECIES	Dermatobia hominis (Linnaeus, 1781)	Dermatobia hominis		BZ		Toledo	PRESENT		28eb1a3f-1c15-4a95-931a-4af90ecb574d	16.554826	-88.705846	376.0						2015-03-18T13:32:00	18	3	2015	1587436	1587436	HUMAN_OBSERVATION	iNaturalist	Observations	112065867		Martin Hauser	2022-05-02T21:43:06	CC_BY_NC_4_0	Sean Werle	Sean Werle			2023-10-19T11:17:34.280Z	StillImage	COORDINATE_ROUNDED;CONTINENT_DERIVED_FROM_COORDINATES;TAXON_MATCH_TAXON_ID_IGNORED
3759575889	50c9509d-22c7-4a22-a47d-8c48425ef4a7	https://www.inaturalist.org/observations/109376535	Animalia	Arthropoda	Insecta	Diptera	Oestridae	Dermatobia	Dermatobia hominis		SPECIES	Dermatobia hominis (Linnaeus, 1781)	Dermatobia hominis		CO		Nariño	PRESENT		28eb1a3f-1c15-4a95-931a-4af90ecb574d	0.650873	-77.091839	2331.0						2022-02-28T00:00:00	28	2	2022	1587436	1587436	HUMAN_OBSERVATION	iNaturalist	Observations	109376535		Milan Pestalozzi	2022-03-24T15:44:19	CC_BY_NC_4_0	Milan Pestalozzi	Milan Pestalozzi			2023-10-19T11:18:07.964Z	StillImage	COORDINATE_ROUNDED;CONTINENT_DERIVED_FROM_COORDINATES;TAXON_MATCH_TAXON_ID_IGNORED
3759503870	50c9509d-22c7-4a22-a47d-8c48425ef4a7	https://www.inaturalist.org/observations/108418850	Animalia	Arthropoda	Insecta	Diptera	Oestridae	Dermatobia	Dermatobia hominis		SPECIES	Dermatobia hominis (Linnaeus, 1781)	Dermatobia hominis		PE		Madre de Dios	PRESENT		28eb1a3f-1c15-4a95-931a-4af90ecb574d	-12.789258	-71.391822	5.0						2019-11-07T12:08:34	7	11	2019	1587436	1587436	HUMAN_OBSERVATION	iNaturalist	Observations	108418850		Jared Shorma	2022-03-12T08:20:06	CC_BY_4_0	Jared Shorma	Jared Shorma			2023-10-19T10:40:04.586Z	StillImage	COORDINATE_ROUNDED;CONTINENT_DERIVED_FROM_COORDINATES;TAXON_MATCH_TAXON_ID_IGNORED
3705481499	50c9509d-22c7-4a22-a47d-8c48425ef4a7	https://www.inaturalist.org/observations/107435785	Animalia	Arthropoda	Insecta	Diptera	Oestridae	Dermatobia	Dermatobia hominis		SPECIES	Dermatobia hominis (Linnaeus, 1781)	Dermatobia hominis		MX		Chiapas	PRESENT		28eb1a3f-1c15-4a95-931a-4af90ecb574d	16.112511	-90.940741							2013-10-02T09:41:00	2	10	2013	1587436	1587436	HUMAN_OBSERVATION	iNaturalist	Observations	107435785		Armando Martínez	2022-02-25T20:54:58	CC_BY_NC_4_0	Armando Martínez	Armando Martínez			2023-10-19T10:50:26.984Z	StillImage	CONTINENT_DERIVED_FROM_COORDINATES;TAXON_MATCH_TAXON_ID_IGNORED
3465986528	50c9509d-22c7-4a22-a47d-8c48425ef4a7	https://www.inaturalist.org/observations/104471439	Animalia	Arthropoda	Insecta	Diptera	Oestridae	Dermatobia	Dermatobia hominis		SPECIES	Dermatobia hominis (Linnaeus, 1781)	Dermatobia hominis		BZ		Cayo	PRESENT		28eb1a3f-1c15-4a95-931a-4af90ecb574d	17.158363	-88.683851							2022-01-06T16:49:47	6	1	2022	1587436	1587436	HUMAN_OBSERVATION	iNaturalist	Observations	104471439		Martin Hauser	2022-01-08T05:34:25	CC_BY_NC_4_0	delbert	delbert			2023-10-19T10:26:42.657Z	StillImage	COORDINATE_ROUNDED;CONTINENT_DERIVED_FROM_COORDINATES;TAXON_MATCH_TAXON_ID_IGNORED
3465950453	50c9509d-22c7-4a22-a47d-8c48425ef4a7	https://www.inaturalist.org/observations/64867257	Animalia	Arthropoda	Insecta	Diptera	Oestridae	Dermatobia	Dermatobia hominis		SPECIES	Dermatobia hominis (Linnaeus, 1781)	Dermatobia hominis		CR		Alajuela	PRESENT		28eb1a3f-1c15-4a95-931a-4af90ecb574d	10.718105	-85.01179	8.0						2020-10-13T09:04:00	13	10	2020	1587436	1587436	HUMAN_OBSERVATION	iNaturalist	Observations	64867257		Mike Melton	2020-11-14T17:05:32	CC_BY_NC_4_0	Mike Melton	Mike Melton			2023-10-19T10:20:47.860Z	StillImage	COORDINATE_ROUNDED;CONTINENT_DERIVED_FROM_COORDINATES;TAXON_MATCH_TAXON_ID_IGNORED
3456640876	50c9509d-22c7-4a22-a47d-8c48425ef4a7	https://www.inaturalist.org/observations/103103722	Animalia	Arthropoda	Insecta	Diptera	Oestridae	Dermatobia	Dermatobia hominis		SPECIES	Dermatobia hominis (Linnaeus, 1781)	Dermatobia hominis		BR		São Paulo	PRESENT		28eb1a3f-1c15-4a95-931a-4af90ecb574d	-23.555771	-46.639557	35697.0						2018-03-15T00:00:00	15	3	2018	1587436	1587436	HUMAN_OBSERVATION	iNaturalist	Observations	103103722		e_tomazelli	2021-12-15T17:52:55	CC_BY_NC_4_0	e_tomazelli	e_tomazelli			2023-10-19T10:26:50.610Z	StillImage	COORDINATE_ROUNDED;CONTINENT_DERIVED_FROM_COORDINATES;TAXON_MATCH_TAXON_ID_IGNORED
3434665381	14f3151a-e95d-493c-a40d-d9938ef62954	urn:catalog:CAS:ENT:8501108	Animalia	Arthropoda	Insecta	Diptera	Oestridae	Dermatobia	Dermatobia hominis		SPECIES	Dermatobia hominis (Linnaeus, 1781)	Dermatobia hominis (Linnaeus Jr. in Pallas, 1781)	(Linnaeus Jr. in Pallas, 1781)	EC	Rio Napo, Cabanas Alinahui	Napo	PRESENT	1	66522820-055c-11d8-b84e-b8a03c50a862	-1.0	-77.416667							1994-12-30T00:00:00	30	12	1994	1587436	1587436	PRESERVED_SPECIMEN	CASC	CASENT	CASENT8501108		Socrates Letana	2021-01-01T00:00:00	CC0_1_0		P. Buickerood			2023-10-23T00:06:47.550Z		GEODETIC_DATUM_ASSUMED_WGS84;CONTINENT_DERIVED_FROM_COORDINATES;OCCURRENCE_STATUS_INFERRED_FROM_INDIVIDUAL_COUNT
3415454075	50c9509d-22c7-4a22-a47d-8c48425ef4a7	https://www.inaturalist.org/observations/99965030	Animalia	Arthropoda	Insecta	Diptera	Oestridae	Dermatobia	Dermatobia hominis		SPECIES	Dermatobia hominis (Linnaeus, 1781)	Dermatobia hominis		AR		Misiones	PRESENT		28eb1a3f-1c15-4a95-931a-4af90ecb574d	-25.857168	-53.975449	132.0						2021-11-01T07:40:44	1	11	2021	1587436	1587436	HUMAN_OBSERVATION	iNaturalist	Observations	99965030		romanlabrousse	2021-11-01T10:48:28	CC_BY_NC_4_0	romanlabrousse	romanlabrousse			2023-10-19T10:26:23.511Z	StillImage	COORDINATE_ROUNDED;CONTINENT_DERIVED_FROM_COORDINATES;TAXON_MATCH_TAXON_ID_IGNORED
3415416523	50c9509d-22c7-4a22-a47d-8c48425ef4a7	https://www.inaturalist.org/observations/68434668	Animalia	Arthropoda	Insecta	Diptera	Oestridae	Dermatobia	Dermatobia hominis		SPECIES	Dermatobia hominis (Linnaeus, 1781)	Dermatobia hominis		PA		Chiriquí	PRESENT		28eb1a3f-1c15-4a95-931a-4af90ecb574d	8.600958	-82.422641	97.0						2021-01-21T21:34:33	21	1	2021	1587436	1587436	HUMAN_OBSERVATION	iNaturalist	Observations	68434668		axca	2021-01-22T02:52:36	CC_BY_NC_4_0	axca	axca			2023-10-19T10:21:58.950Z	StillImage	COORDINATE_ROUNDED;CONTINENT_DERIVED_FROM_COORDINATES;TAXON_MATCH_TAXON_ID_IGNORED
3415404621	50c9509d-22c7-4a22-a47d-8c48425ef4a7	https://www.inaturalist.org/observations/78089208	Animalia	Arthropoda	Insecta	Diptera	Oestridae	Dermatobia	Dermatobia hominis		SPECIES	Dermatobia hominis (Linnaeus, 1781)	Dermatobia hominis		BR		Minas Gerais	PRESENT		28eb1a3f-1c15-4a95-931a-4af90ecb574d	-20.700924	-44.822558	9.0						2021-05-08T19:08:00	8	5	2021	1587436	1587436	HUMAN_OBSERVATION	iNaturalist	Observations	78089208		acilio	2021-05-09T17:10:19	CC_BY_NC_4_0	acilio	acilio			2023-10-19T10:23:06.959Z	StillImage	COORDINATE_ROUNDED;CONTINENT_DERIVED_FROM_COORDINATES;TAXON_MATCH_TAXON_ID_IGNORED
3384651232	50c9509d-22c7-4a22-a47d-8c48425ef4a7	https://www.inaturalist.org/observations/93571274	Animalia	Arthropoda	Insecta	Diptera	Oestridae	Dermatobia	Dermatobia hominis		SPECIES	Dermatobia hominis (Linnaeus, 1781)	Dermatobia hominis		US		Florida	PRESENT		28eb1a3f-1c15-4a95-931a-4af90ecb574d	30.308805	-81.928542	29382.0						2021-09-04T07:46:02	4	9	2021	1587436	1587436	HUMAN_OBSERVATION	iNaturalist	Observations	93571274		cutiecrawlersart	2021-09-04T11:48:41	CC_BY_NC_4_0	cutiecrawlersart	cutiecrawlersart			2023-10-19T10:25:13.459Z	StillImage	COORDINATE_ROUNDED;CONTINENT_DERIVED_FROM_COORDINATES;TAXON_MATCH_TAXON_ID_IGNORED
3349013628	d8cd16ba-bb74-4420-821e-083f2bac17c2	MG968179	Animalia	Arthropoda	Insecta	Diptera	Oestridae	Dermatobia	Dermatobia hominis		SPECIES	Dermatobia hominis (Linnaeus, 1781)	Dermatobia hominis		BO	Santa Cruz, Florida, Refugio Los Volcanes, 4 km North of Bermejo		PRESENT		ada9d123-ddb4-467d-8891-806ea8d94230	-18.1	-63.6							2013-02-25T00:00:00	25	2	2013	1587436	1587436	PRESERVED_SPECIMEN			USNM:ENT:01443307		USNM Curators		CC_BY_4_0		S.W.Lingafelter			2023-10-21T12:47:53.132Z		GEODETIC_DATUM_ASSUMED_WGS84;CONTINENT_DERIVED_FROM_COORDINATES;TAXON_MATCH_TAXON_CONCEPT_ID_IGNORED;TAXON_MATCH_TAXON_ID_IGNORED
3337829852	50c9509d-22c7-4a22-a47d-8c48425ef4a7	https://www.inaturalist.org/observations/90516166	Animalia	Arthropoda	Insecta	Diptera	Oestridae	Dermatobia	Dermatobia hominis		SPECIES	Dermatobia hominis (Linnaeus, 1781)	Dermatobia hominis		BR		Mato Grosso	PRESENT		28eb1a3f-1c15-4a95-931a-4af90ecb574d	-9.597507	-55.931335	210.0						2018-06-16T12:57:00	16	6	2018	1587436	1587436	HUMAN_OBSERVATION	iNaturalist	Observations	90516166		belgianbirding	2021-08-09T10:28:19	CC_BY_NC_4_0	belgianbirding	belgianbirding			2023-10-19T10:24:17.927Z	StillImage	CONTINENT_DERIVED_FROM_COORDINATES;TAXON_MATCH_TAXON_ID_IGNORED
3330741433	50c9509d-22c7-4a22-a47d-8c48425ef4a7	https://www.inaturalist.org/observations/73086405	Animalia	Arthropoda	Insecta	Diptera	Oestridae	Dermatobia	Dermatobia hominis		SPECIES	Dermatobia hominis (Linnaeus, 1781)	Dermatobia hominis		BZ		Stann Creek	PRESENT		28eb1a3f-1c15-4a95-931a-4af90ecb574d	16.929117	-88.386514	10.0						2018-01-11T13:47:00	11	1	2018	1587436	1587436	HUMAN_OBSERVATION	iNaturalist	Observations	73086405		Santiago	2021-05-02T06:46:25	CC_BY_4_0	Amelia Tauber	Amelia Tauber			2023-10-19T10:48:50.061Z	StillImage	COORDINATE_ROUNDED;CONTINENT_DERIVED_FROM_COORDINATES;TAXON_MATCH_TAXON_ID_IGNORED
3330429203	50c9509d-22c7-4a22-a47d-8c48425ef4a7	https://www.inaturalist.org/observations/87763880	Animalia	Arthropoda	Insecta	Diptera	Oestridae	Dermatobia	Dermatobia hominis		SPECIES	Dermatobia hominis (Linnaeus, 1781)	Dermatobia hominis		BR		Rio de Janeiro	PRESENT		28eb1a3f-1c15-4a95-931a-4af90ecb574d	-22.395782	-44.553565	4.0						2017-04-01T13:06:00	1	4	2017	1587436	1587436	HUMAN_OBSERVATION	iNaturalist	Observations	87763880		Paula Romano	2021-07-19T20:24:57	CC_BY_NC_4_0	Paula Romano	Paula Romano			2023-10-19T10:51:05.312Z	StillImage	COORDINATE_ROUNDED;CONTINENT_DERIVED_FROM_COORDINATES;TAXON_MATCH_TAXON_ID_IGNORED
3327697403	50c9509d-22c7-4a22-a47d-8c48425ef4a7	https://www.inaturalist.org/observations/66317437	Animalia	Arthropoda	Insecta	Diptera	Oestridae	Dermatobia	Dermatobia hominis		SPECIES	Dermatobia hominis (Linnaeus, 1781)	Dermatobia hominis		AR		Misiones	PRESENT		28eb1a3f-1c15-4a95-931a-4af90ecb574d	-27.385086	-55.592873	8.0						2020-12-08T23:04:00	8	12	2020	1587436	1587436	HUMAN_OBSERVATION	iNaturalist	Observations	66317437		Santiago	2021-07-15T23:25:13	CC_BY_NC_4_0	Patricio A. Mantinian	Patricio A. Mantinian			2023-10-19T10:49:52.641Z	StillImage	COORDINATE_ROUNDED;CONTINENT_DERIVED_FROM_COORDINATES;TAXON_MATCH_TAXON_ID_IGNORED
3301903238	50c9509d-22c7-4a22-a47d-8c48425ef4a7	https://www.inaturalist.org/observations/80727640	Animalia	Arthropoda	Insecta	Diptera	Oestridae	Dermatobia	Dermatobia hominis		SPECIES	Dermatobia hominis (Linnaeus, 1781)	Dermatobia hominis		AR		Misiones	PRESENT		28eb1a3f-1c15-4a95-931a-4af90ecb574d	-28.0376	-55.428043	1953.0						2006-06-19T16:01:00	19	6	2006	1587436	1587436	HUMAN_OBSERVATION	iNaturalist	Observations	80727640		Santiago	2021-05-29T13:50:43	CC_BY_4_0	Hugo Hulsberg	Hugo Hulsberg			2023-10-19T10:37:26.806Z	StillImage	COORDINATE_ROUNDED;CONTINENT_DERIVED_FROM_COORDINATES;TAXON_MATCH_TAXON_ID_IGNORED
3124595685	50c9509d-22c7-4a22-a47d-8c48425ef4a7	https://www.inaturalist.org/observations/79656064	Animalia	Arthropoda	Insecta	Diptera	Oestridae	Dermatobia	Dermatobia hominis		SPECIES	Dermatobia hominis (Linnaeus, 1781)	Dermatobia hominis		BR		Santa Catarina	PRESENT		28eb1a3f-1c15-4a95-931a-4af90ecb574d	-27.147765	-51.90006	61.0						2021-05-16T15:13:00	16	5	2021	1587436	1587436	HUMAN_OBSERVATION	iNaturalist	Observations	79656064		Santiago	2021-05-21T16:10:35	CC_BY_NC_4_0	Frederico Acaz Sonntag	Frederico Acaz Sonntag			2023-10-19T10:47:59.492Z	StillImage	COORDINATE_ROUNDED;CONTINENT_DERIVED_FROM_COORDINATES;TAXON_MATCH_TAXON_ID_IGNORED
3079629928	50c9509d-22c7-4a22-a47d-8c48425ef4a7	https://www.inaturalist.org/observations/73111485	Animalia	Arthropoda	Insecta	Diptera	Oestridae	Dermatobia	Dermatobia hominis		SPECIES	Dermatobia hominis (Linnaeus, 1781)	Dermatobia hominis		TT		San Juan-Laventille	PRESENT		28eb1a3f-1c15-4a95-931a-4af90ecb574d	10.734937	-61.450441	463.0						2021-04-06T10:53:13	6	4	2021	1587436	1587436	HUMAN_OBSERVATION	iNaturalist	Observations	73111485		Nicholas	2021-04-06T15:00:17	CC_BY_4_0	Nicholas	Nicholas			2023-10-19T10:50:31.853Z	StillImage	COORDINATE_ROUNDED;CONTINENT_DERIVED_FROM_COORDINATES;TAXON_MATCH_TAXON_ID_IGNORED
3070462480	50c9509d-22c7-4a22-a47d-8c48425ef4a7	https://www.inaturalist.org/observations/71993932	Animalia	Arthropoda	Insecta	Diptera	Oestridae	Dermatobia	Dermatobia hominis		SPECIES	Dermatobia hominis (Linnaeus, 1781)	Dermatobia hominis		BZ		Cayo	PRESENT		28eb1a3f-1c15-4a95-931a-4af90ecb574d	17.147352	-88.674774	500.0						2017-08-08T19:23:00	8	8	2017	1587436	1587436	HUMAN_OBSERVATION	iNaturalist	Observations	71993932		Amelia Tauber	2021-03-25T02:33:25	CC_BY_4_0	Amelia Tauber	Amelia Tauber			2023-10-19T10:36:45.546Z	StillImage	COORDINATE_ROUNDED;CONTINENT_DERIVED_FROM_COORDINATES;TAXON_MATCH_TAXON_ID_IGNORED
3070451494	50c9509d-22c7-4a22-a47d-8c48425ef4a7	https://www.inaturalist.org/observations/71993931	Animalia	Arthropoda	Insecta	Diptera	Oestridae	Dermatobia	Dermatobia hominis		SPECIES	Dermatobia hominis (Linnaeus, 1781)	Dermatobia hominis		BZ		Stann Creek	PRESENT		28eb1a3f-1c15-4a95-931a-4af90ecb574d	17.036222	-88.521491	500.0						2018-01-07T19:23:00	7	1	2018	1587436	1587436	HUMAN_OBSERVATION	iNaturalist	Observations	71993931		Amelia Tauber	2021-03-25T02:33:24	CC_BY_4_0	Amelia Tauber	Amelia Tauber			2023-10-19T10:36:49.181Z	StillImage	COORDINATE_ROUNDED;CONTINENT_DERIVED_FROM_COORDINATES;TAXON_MATCH_TAXON_ID_IGNORED
3061652357	50c9509d-22c7-4a22-a47d-8c48425ef4a7	https://www.inaturalist.org/observations/35257826	Animalia	Arthropoda	Insecta	Diptera	Oestridae	Dermatobia	Dermatobia hominis		SPECIES	Dermatobia hominis (Linnaeus, 1781)	Dermatobia hominis		BZ		Cayo	PRESENT		28eb1a3f-1c15-4a95-931a-4af90ecb574d	17.161152	-88.679761	61.0						2019-01-07T10:41:00	7	1	2019	1587436	1587436	HUMAN_OBSERVATION	iNaturalist	Observations	35257826		Karl Kroeker	2019-11-03T22:51:58	CC_BY_NC_4_0	Karl Kroeker	Karl Kroeker			2023-10-19T11:10:10.816Z	StillImage	COORDINATE_ROUNDED;CONTINENT_DERIVED_FROM_COORDINATES;TAXON_MATCH_TAXON_ID_IGNORED
3028108343	26098c25-8f7f-4c71-97ac-1d3db181c65e	http://n2t.net/ark:/65665/38f46ac6a-5509-4a7b-b57d-8fa79f56b98a	Animalia	Arthropoda	Insecta	Diptera	Oestridae	Dermatobia	Dermatobia hominis		SPECIES	Dermatobia hominis (Linnaeus, 1781)	Dermatobia hominis		BO	Florida, Refugio Los Volcanes, 4 km North of Bermejo	Santa Cruz	PRESENT	1	bc092ff0-02e4-11dc-991f-b8a03c50a862	-18.1	-63.6			1197.5	0.0			2013-02-25T00:00:00	25	2	2013	1587436	1587436	MATERIAL_SAMPLE	USNM	ENT	USNMENT01635633.1				CC0_1_0		S. Lingafelter			2023-10-01T10:30:09.678Z		GEODETIC_DATUM_ASSUMED_WGS84;CONTINENT_DERIVED_FROM_COORDINATES
3028030878	26098c25-8f7f-4c71-97ac-1d3db181c65e	http://n2t.net/ark:/65665/3d81eece5-6089-47a1-a22c-4efec2463aec	Animalia	Arthropoda	Insecta	Diptera	Oestridae	Dermatobia	Dermatobia hominis		SPECIES	Dermatobia hominis (Linnaeus, 1781)	Dermatobia hominis		BO	Florida, Refugio Los Volcanes, 4 km North of Bermejo	Santa Cruz	PRESENT	1	bc092ff0-02e4-11dc-991f-b8a03c50a862	-18.1	-63.6			1197.5	0.0			2013-02-25T00:00:00	25	2	2013	1587436	1587436	MATERIAL_SAMPLE	USNM	ENT	USNMENT01634708				CC0_1_0		S. Lingafelter			2023-10-01T10:29:32.736Z		GEODETIC_DATUM_ASSUMED_WGS84;CONTINENT_DERIVED_FROM_COORDINATES
2898514452	50c9509d-22c7-4a22-a47d-8c48425ef4a7	https://www.inaturalist.org/observations/55096103	Animalia	Arthropoda	Insecta	Diptera	Oestridae	Dermatobia	Dermatobia hominis		SPECIES	Dermatobia hominis (Linnaeus, 1781)	Dermatobia hominis		MX		Chiapas	PRESENT		28eb1a3f-1c15-4a95-931a-4af90ecb574d	16.112603	-90.940882	200.0						2010-07-31T17:55:00	31	7	2010	1587436	1587436	HUMAN_OBSERVATION	iNaturalist	Observations	55096103		Alicia Mastretta Yanes	2020-08-01T23:32:34	CC_BY_NC_4_0	Alicia Mastretta Yanes	Alicia Mastretta Yanes			2023-10-19T10:46:40.402Z	StillImage	COORDINATE_ROUNDED;CONTINENT_DERIVED_FROM_COORDINATES;TAXON_MATCH_TAXON_ID_IGNORED
2898513431	50c9509d-22c7-4a22-a47d-8c48425ef4a7	https://www.inaturalist.org/observations/55096102	Animalia	Arthropoda	Insecta	Diptera	Oestridae	Dermatobia	Dermatobia hominis		SPECIES	Dermatobia hominis (Linnaeus, 1781)	Dermatobia hominis		MX		Chiapas	PRESENT		28eb1a3f-1c15-4a95-931a-4af90ecb574d	16.112603	-90.940882	200.0						2010-07-31T14:58:00	31	7	2010	1587436	1587436	HUMAN_OBSERVATION	iNaturalist	Observations	55096102		Alicia Mastretta Yanes	2020-08-01T23:32:34	CC_BY_NC_4_0	Alicia Mastretta Yanes	Alicia Mastretta Yanes			2023-10-19T10:45:41.102Z	StillImage	COORDINATE_ROUNDED;CONTINENT_DERIVED_FROM_COORDINATES;TAXON_MATCH_TAXON_ID_IGNORED
2898492447	50c9509d-22c7-4a22-a47d-8c48425ef4a7	https://www.inaturalist.org/observations/55096096	Animalia	Arthropoda	Insecta	Diptera	Oestridae	Dermatobia	Dermatobia hominis		SPECIES	Dermatobia hominis (Linnaeus, 1781)	Dermatobia hominis		MX		Chiapas	PRESENT		28eb1a3f-1c15-4a95-931a-4af90ecb574d	16.112603	-90.940882	200.0						2010-10-21T12:56:00	21	10	2010	1587436	1587436	HUMAN_OBSERVATION	iNaturalist	Observations	55096096		Alicia Mastretta Yanes	2020-08-01T23:32:32	CC_BY_NC_4_0	Alicia Mastretta Yanes	Alicia Mastretta Yanes			2023-10-19T10:47:58.361Z	StillImage	COORDINATE_ROUNDED;CONTINENT_DERIVED_FROM_COORDINATES;TAXON_MATCH_TAXON_ID_IGNORED
2898267670	50c9509d-22c7-4a22-a47d-8c48425ef4a7	https://www.inaturalist.org/observations/62164471	Animalia	Arthropoda	Insecta	Diptera	Oestridae	Dermatobia	Dermatobia hominis		SPECIES	Dermatobia hominis (Linnaeus, 1781)	Dermatobia hominis		CO		Cundinamarca	PRESENT		28eb1a3f-1c15-4a95-931a-4af90ecb574d	5.069457	-74.380305	712.0						2020-10-07T00:00:00	7	10	2020	1587436	1587436	HUMAN_OBSERVATION	iNaturalist	Observations	62164471		Oscar Enciso	2020-10-10T02:23:18	CC_BY_NC_4_0	Oscar Enciso	Oscar Enciso			2023-10-19T10:20:43.943Z	StillImage	COORDINATE_ROUNDED;CONTINENT_DERIVED_FROM_COORDINATES;TAXON_MATCH_TAXON_ID_IGNORED
2856734547	50c9509d-22c7-4a22-a47d-8c48425ef4a7	https://www.inaturalist.org/observations/56896563	Animalia	Arthropoda	Insecta	Diptera	Oestridae	Dermatobia	Dermatobia hominis		SPECIES	Dermatobia hominis (Linnaeus, 1781)	Dermatobia hominis		EC		Manabi	PRESENT		28eb1a3f-1c15-4a95-931a-4af90ecb574d	-0.335559	-79.758651	3.0						2020-08-18T20:00:04	18	8	2020	1587436	1587436	HUMAN_OBSERVATION	iNaturalist	Observations	56896563		Vilmer Herrera	2020-08-19T01:11:31	CC_BY_NC_4_0	Vilmer Herrera	Vilmer Herrera			2023-10-19T10:19:26.487Z	StillImage	COORDINATE_ROUNDED;CONTINENT_DERIVED_FROM_COORDINATES;TAXON_MATCH_TAXON_ID_IGNORED
2823494793	7931dcab-94f1-46ce-8092-56e4335423de	f644266a-0990-4258-be16-eddc88f1da4b	Animalia	Arthropoda	Insecta	Diptera	Oestridae	Dermatobia	Dermatobia hominis		SPECIES	Dermatobia hominis (Linnaeus, 1781)	Dermatobia hominis (Linnaeus)		BR	Nova Teutônia	Santa Catarina	PRESENT	1	7b8aff00-a9f8-11d8-944b-b8a03c50a862	-27.18	-52.38							1977-03-01T00:00:00		3	1977	1587436	1587436	PRESERVED_SPECIMEN	FMNH	Insects	FMNHINS 0003 975 681				CC0_1_0	The Field Museum of Natural History	F. Plaumann			2023-10-06T23:17:14.901Z		GEODETIC_DATUM_ASSUMED_WGS84;OCCURRENCE_STATUS_INFERRED_FROM_INDIVIDUAL_COUNT;INSTITUTION_MATCH_FUZZY;INSTITUTION_COLLECTION_MISMATCH
2823494518	7931dcab-94f1-46ce-8092-56e4335423de	70e9b76e-8ed7-4c98-9430-fd07a07669cf	Animalia	Arthropoda	Insecta	Diptera	Oestridae	Dermatobia	Dermatobia hominis		SPECIES	Dermatobia hominis (Linnaeus, 1781)	Dermatobia hominis (Linnaeus)		BR	Nova Teutônia	Santa Catarina	PRESENT	1	7b8aff00-a9f8-11d8-944b-b8a03c50a862	-27.18	-52.38							1965-02-01T00:00:00		2	1965	1587436	1587436	PRESERVED_SPECIMEN	FMNH	Insects	FMNHINS 0003 975 682				CC0_1_0	The Field Museum of Natural History	F. Plaumann			2023-10-06T23:17:09.952Z		GEODETIC_DATUM_ASSUMED_WGS84;OCCURRENCE_STATUS_INFERRED_FROM_INDIVIDUAL_COUNT;INSTITUTION_MATCH_FUZZY;INSTITUTION_COLLECTION_MISMATCH
2823492644	7931dcab-94f1-46ce-8092-56e4335423de	9d5233c8-62e0-480a-ba55-5b3c7e98a41b	Animalia	Arthropoda	Insecta	Diptera	Oestridae	Dermatobia	Dermatobia hominis		SPECIES	Dermatobia hominis (Linnaeus, 1781)	Dermatobia hominis (Linnaeus)		BR	Nova Teutônia	Santa Catarina	PRESENT	1	7b8aff00-a9f8-11d8-944b-b8a03c50a862	-27.18	-52.38							1976-03-01T00:00:00		3	1976	1587436	1587436	PRESERVED_SPECIMEN	FMNH	Insects	FMNHINS 0003 975 687				CC0_1_0	The Field Museum of Natural History	F. Plaumann			2023-10-06T23:17:11.902Z		GEODETIC_DATUM_ASSUMED_WGS84;OCCURRENCE_STATUS_INFERRED_FROM_INDIVIDUAL_COUNT;INSTITUTION_MATCH_FUZZY;INSTITUTION_COLLECTION_MISMATCH
2823488645	7931dcab-94f1-46ce-8092-56e4335423de	a346ac7d-bd87-4ddb-8f67-40661c0f6c84	Animalia	Arthropoda	Insecta	Diptera	Oestridae	Dermatobia	Dermatobia hominis		SPECIES	Dermatobia hominis (Linnaeus, 1781)	Dermatobia hominis (Linnaeus)		BR	Nova Teutônia	Santa Catarina	PRESENT	1	7b8aff00-a9f8-11d8-944b-b8a03c50a862	-27.18	-52.38							1965-02-01T00:00:00		2	1965	1587436	1587436	PRESERVED_SPECIMEN	FMNH	Insects	FMNHINS 0003 975 683				CC0_1_0	The Field Museum of Natural History	F. Plaumann			2023-10-06T23:17:11.978Z		GEODETIC_DATUM_ASSUMED_WGS84;OCCURRENCE_STATUS_INFERRED_FROM_INDIVIDUAL_COUNT;INSTITUTION_MATCH_FUZZY;INSTITUTION_COLLECTION_MISMATCH
2823485554	7931dcab-94f1-46ce-8092-56e4335423de	6faab105-9734-402b-9023-5593d5915e7b	Animalia	Arthropoda	Insecta	Diptera	Oestridae	Dermatobia	Dermatobia hominis		SPECIES	Dermatobia hominis (Linnaeus, 1781)	Dermatobia hominis (Linnaeus)		BR	Nova Teutônia	Santa Catarina	PRESENT	1	7b8aff00-a9f8-11d8-944b-b8a03c50a862	-27.18	-52.38							1966-02-01T00:00:00		2	1966	1587436	1587436	PRESERVED_SPECIMEN	FMNH	Insects	FMNHINS 0003 975 685				CC0_1_0	The Field Museum of Natural History	F. Plaumann			2023-10-06T23:17:09.612Z		GEODETIC_DATUM_ASSUMED_WGS84;OCCURRENCE_STATUS_INFERRED_FROM_INDIVIDUAL_COUNT;INSTITUTION_MATCH_FUZZY;INSTITUTION_COLLECTION_MISMATCH
2823484594	7931dcab-94f1-46ce-8092-56e4335423de	81609c3d-f60c-417f-a124-265277fa7186	Animalia	Arthropoda	Insecta	Diptera	Oestridae	Dermatobia	Dermatobia hominis		SPECIES	Dermatobia hominis (Linnaeus, 1781)	Dermatobia hominis (Linnaeus)		BR	Nova Teutônia	Santa Catarina	PRESENT	1	7b8aff00-a9f8-11d8-944b-b8a03c50a862	-27.18	-52.38							1980-01-01T00:00:00			1980	1587436	1587436	PRESERVED_SPECIMEN	FMNH	Insects	FMNHINS 0003 975 692				CC0_1_0	The Field Museum of Natural History	F. Plaumann			2023-10-06T23:16:56.340Z		GEODETIC_DATUM_ASSUMED_WGS84;OCCURRENCE_STATUS_INFERRED_FROM_INDIVIDUAL_COUNT;INSTITUTION_MATCH_FUZZY;INSTITUTION_COLLECTION_MISMATCH
2823480362	7931dcab-94f1-46ce-8092-56e4335423de	191848f0-e53e-4ce3-bfe5-ce83c8a593f5	Animalia	Arthropoda	Insecta	Diptera	Oestridae	Dermatobia	Dermatobia hominis		SPECIES	Dermatobia hominis (Linnaeus, 1781)	Dermatobia hominis (Linnaeus)		BR	Nova Teutônia	Santa Catarina	PRESENT	1	7b8aff00-a9f8-11d8-944b-b8a03c50a862	-27.18	-52.38							1972-11-01T00:00:00		11	1972	1587436	1587436	PRESERVED_SPECIMEN	FMNH	Insects	FMNHINS 0003 975 688				CC0_1_0	The Field Museum of Natural History	F. Plaumann			2023-10-06T23:16:44.762Z		GEODETIC_DATUM_ASSUMED_WGS84;OCCURRENCE_STATUS_INFERRED_FROM_INDIVIDUAL_COUNT;INSTITUTION_MATCH_FUZZY;INSTITUTION_COLLECTION_MISMATCH
2823479769	7931dcab-94f1-46ce-8092-56e4335423de	cf69650e-efcb-4f4f-8504-a2d5d1ec6cc8	Animalia	Arthropoda	Insecta	Diptera	Oestridae	Dermatobia	Dermatobia hominis		SPECIES	Dermatobia hominis (Linnaeus, 1781)	Dermatobia hominis (Linnaeus)		BR	Nova Teutônia	Santa Catarina	PRESENT	1	7b8aff00-a9f8-11d8-944b-b8a03c50a862	-27.18	-52.38							1969-04-01T00:00:00		4	1969	1587436	1587436	PRESERVED_SPECIMEN	FMNH	Insects	FMNHINS 0003 975 691				CC0_1_0	The Field Museum of Natural History	F. Plaumann			2023-10-06T23:17:00.947Z		GEODETIC_DATUM_ASSUMED_WGS84;OCCURRENCE_STATUS_INFERRED_FROM_INDIVIDUAL_COUNT;INSTITUTION_MATCH_FUZZY;INSTITUTION_COLLECTION_MISMATCH
2823479716	7931dcab-94f1-46ce-8092-56e4335423de	b8593346-2ad8-486c-939b-5d6e3f649003	Animalia	Arthropoda	Insecta	Diptera	Oestridae	Dermatobia	Dermatobia hominis		SPECIES	Dermatobia hominis (Linnaeus, 1781)	Dermatobia hominis (Linnaeus)		CR	La Selva Biological Station of Puerto Viejo, 1 km SW	Heredia	PRESENT	2	7b8aff00-a9f8-11d8-944b-b8a03c50a862	10.45	-84.0							1986-03-25T00:00:00	25	3	1986	1587436	1587436	PRESERVED_SPECIMEN	FMNH	Insects	FMNHINS 0003 975 700		Dr. Robert M. Timm : University of Kansas, Museum of Natural History - Division of Mammals		CC0_1_0	The Field Museum of Natural History	R. M. Timm			2023-10-06T23:16:59.879Z		GEODETIC_DATUM_ASSUMED_WGS84;OCCURRENCE_STATUS_INFERRED_FROM_INDIVIDUAL_COUNT;INSTITUTION_MATCH_FUZZY;INSTITUTION_COLLECTION_MISMATCH
2823478630	7931dcab-94f1-46ce-8092-56e4335423de	89b1485c-7052-4ece-a357-e33734d8b2f2	Animalia	Arthropoda	Insecta	Diptera	Oestridae	Dermatobia	Dermatobia hominis		SPECIES	Dermatobia hominis (Linnaeus, 1781)	Dermatobia hominis (Linnaeus)		BR	Nova Teutônia	Santa Catarina	PRESENT	1	7b8aff00-a9f8-11d8-944b-b8a03c50a862	-27.18	-52.38							1966-02-01T00:00:00		2	1966	1587436	1587436	PRESERVED_SPECIMEN	FMNH	Insects	FMNHINS 0003 975 684				CC0_1_0	The Field Museum of Natural History	F. Plaumann			2023-10-06T23:16:56.752Z		GEODETIC_DATUM_ASSUMED_WGS84;OCCURRENCE_STATUS_INFERRED_FROM_INDIVIDUAL_COUNT;INSTITUTION_MATCH_FUZZY;INSTITUTION_COLLECTION_MISMATCH
2823478546	7931dcab-94f1-46ce-8092-56e4335423de	6705bfdf-7c0f-4f75-b541-b54c5abf1c26	Animalia	Arthropoda	Insecta	Diptera	Oestridae	Dermatobia	Dermatobia hominis		SPECIES	Dermatobia hominis (Linnaeus, 1781)	Dermatobia hominis (Linnaeus)		BR	Nova Teutônia	Santa Catarina	PRESENT	1	7b8aff00-a9f8-11d8-944b-b8a03c50a862	-27.18	-52.38							1965-02-01T00:00:00		2	1965	1587436	1587436	PRESERVED_SPECIMEN	FMNH	Insects	FMNHINS 0003 975 686				CC0_1_0	The Field Museum of Natural History	F. Plaumann			2023-10-06T23:16:54.633Z		GEODETIC_DATUM_ASSUMED_WGS84;OCCURRENCE_STATUS_INFERRED_FROM_INDIVIDUAL_COUNT;INSTITUTION_MATCH_FUZZY;INSTITUTION_COLLECTION_MISMATCH
2823477603	7931dcab-94f1-46ce-8092-56e4335423de	86e404b0-08e0-4519-ab9c-24bfc6ea3817	Animalia	Arthropoda	Insecta	Diptera	Oestridae	Dermatobia	Dermatobia hominis		SPECIES	Dermatobia hominis (Linnaeus, 1781)	Dermatobia hominis (Linnaeus)		BR	Nova Teutônia	Santa Catarina	PRESENT	1	7b8aff00-a9f8-11d8-944b-b8a03c50a862	-27.18	-52.38							1975-05-01T00:00:00		5	1975	1587436	1587436	PRESERVED_SPECIMEN	FMNH	Insects	FMNHINS 0003 975 689				CC0_1_0	The Field Museum of Natural History	F. Plaumann			2023-10-06T23:16:56.874Z		GEODETIC_DATUM_ASSUMED_WGS84;OCCURRENCE_STATUS_INFERRED_FROM_INDIVIDUAL_COUNT;INSTITUTION_MATCH_FUZZY;INSTITUTION_COLLECTION_MISMATCH
2823476712	7931dcab-94f1-46ce-8092-56e4335423de	bb113958-c77a-4908-9841-87c562c0ad01	Animalia	Arthropoda	Insecta	Diptera	Oestridae	Dermatobia	Dermatobia hominis		SPECIES	Dermatobia hominis (Linnaeus, 1781)	Dermatobia hominis (Linnaeus)		BR	Nova Teutônia	Santa Catarina	PRESENT	1	7b8aff00-a9f8-11d8-944b-b8a03c50a862	-27.18	-52.38							1977-03-01T00:00:00		3	1977	1587436	1587436	PRESERVED_SPECIMEN	FMNH	Insects	FMNHINS 0003 975 680				CC0_1_0	The Field Museum of Natural History	F. Plaumann			2023-10-06T23:16:59.797Z		GEODETIC_DATUM_ASSUMED_WGS84;OCCURRENCE_STATUS_INFERRED_FROM_INDIVIDUAL_COUNT;INSTITUTION_MATCH_FUZZY;INSTITUTION_COLLECTION_MISMATCH
2823476415	7931dcab-94f1-46ce-8092-56e4335423de	39ab72a7-700f-4839-a0ed-5c4c90aca202	Animalia	Arthropoda	Insecta	Diptera	Oestridae	Dermatobia	Dermatobia hominis		SPECIES	Dermatobia hominis (Linnaeus, 1781)	Dermatobia hominis (Linnaeus)		BR	Nova Teutônia	Santa Catarina	PRESENT	1	7b8aff00-a9f8-11d8-944b-b8a03c50a862	-27.18	-52.38							1969-04-01T00:00:00		4	1969	1587436	1587436	PRESERVED_SPECIMEN	FMNH	Insects	FMNHINS 0003 975 690				CC0_1_0	The Field Museum of Natural History	F. Plaumann			2023-10-06T23:16:50.022Z		GEODETIC_DATUM_ASSUMED_WGS84;OCCURRENCE_STATUS_INFERRED_FROM_INDIVIDUAL_COUNT;INSTITUTION_MATCH_FUZZY;INSTITUTION_COLLECTION_MISMATCH
2802587333	50c9509d-22c7-4a22-a47d-8c48425ef4a7	https://www.inaturalist.org/observations/10206805	Animalia	Arthropoda	Insecta	Diptera	Oestridae	Dermatobia	Dermatobia hominis		SPECIES	Dermatobia hominis (Linnaeus, 1781)	Dermatobia hominis		BZ		Belize	PRESENT		28eb1a3f-1c15-4a95-931a-4af90ecb574d	17.189877	-88.49765	98112.0						2018-03-10T20:56:00	10	3	2018	1587436	1587436	HUMAN_OBSERVATION	iNaturalist	Observations	10206805		Kai Joaquin	2018-03-12T19:23:20	CC_BY_NC_4_0	Kai Joaquin	Kai Joaquin			2023-10-19T10:37:49.589Z	StillImage	CONTINENT_DERIVED_FROM_COORDINATES;TAXON_MATCH_TAXON_ID_IGNORED
2633533592	040c5662-da76-4782-a48e-cdea1892d14c	http://bins.boldsystems.org/index.php/Public_RecordView?processid=JSBIC150-17	Animalia	Arthropoda	Insecta	Diptera	Oestridae	Dermatobia	Dermatobia hominis		UNRANKED	BOLD:ABU6601	BOLD:ABU6601		BZ	Orange Walk District, Lamanai		PRESENT		b3bf3a83-1f68-4541-a03f-330d30d567f5	17.7641	-88.6521							2016-04-30T00:00:00	30	4	2016	10267500	1587436	MATERIAL_SAMPLE			BIOUG34078-H11		Kate Perez		CC_BY_4_0		Brock Fenton			2023-10-21T08:02:14.086Z		GEODETIC_DATUM_ASSUMED_WGS84;CONTINENT_DERIVED_FROM_COORDINATES;TAXON_MATCH_TAXON_CONCEPT_ID_IGNORED;TAXON_MATCH_TAXON_ID_IGNORED
2610942392	50c9509d-22c7-4a22-a47d-8c48425ef4a7	https://www.inaturalist.org/observations/23287644	Animalia	Arthropoda	Insecta	Diptera	Oestridae	Dermatobia	Dermatobia hominis		SPECIES	Dermatobia hominis (Linnaeus, 1781)	Dermatobia hominis		BZ		Belize	PRESENT		28eb1a3f-1c15-4a95-931a-4af90ecb574d	17.449989	-88.409752	239.0						2019-04-26T22:35:00	26	4	2019	1587436	1587436	HUMAN_OBSERVATION	iNaturalist	Observations	23287644		Bea Leiderman	2019-04-27T03:10:48	CC_BY_NC_4_0	Bea Leiderman	Bea Leiderman			2023-10-19T10:15:57.784Z	StillImage	COORDINATE_ROUNDED;CONTINENT_DERIVED_FROM_COORDINATES;TAXON_MATCH_TAXON_ID_IGNORED
2597828896	50c9509d-22c7-4a22-a47d-8c48425ef4a7	https://www.inaturalist.org/observations/41043349	Animalia	Arthropoda	Insecta	Diptera	Oestridae	Dermatobia	Dermatobia hominis		SPECIES	Dermatobia hominis (Linnaeus, 1781)	Dermatobia hominis		EC		Zamora Chinchipe	PRESENT		28eb1a3f-1c15-4a95-931a-4af90ecb574d	-3.74997	-78.631088	12.0						2020-03-30T06:43:52	30	3	2020	1587436	1587436	HUMAN_OBSERVATION	iNaturalist	Observations	41043349		Yantza Farm, Zamora-Chinchipe, Ecuador	2020-03-30T14:46:45	CC_BY_NC_4_0	Yantza Farm, Zamora-Chinchipe, Ecuador	Yantza Farm, Zamora-Chinchipe, Ecuador			2023-10-19T10:17:31.748Z	StillImage	COORDINATE_ROUNDED;CONTINENT_DERIVED_FROM_COORDINATES;TAXON_MATCH_TAXON_ID_IGNORED
2573821705	50c9509d-22c7-4a22-a47d-8c48425ef4a7	https://www.inaturalist.org/observations/9557897	Animalia	Arthropoda	Insecta	Diptera	Oestridae	Dermatobia	Dermatobia hominis		SPECIES	Dermatobia hominis (Linnaeus, 1781)	Dermatobia hominis		BZ		Cayo	PRESENT		28eb1a3f-1c15-4a95-931a-4af90ecb574d	16.808892	-88.785531	128878.0						2018-01-20T06:59:33	20	1	2018	1587436	1587436	HUMAN_OBSERVATION	iNaturalist	Observations	9557897		Kai Joaquin	2018-01-22T02:46:19	CC_BY_NC_4_0	Kai Joaquin	Kai Joaquin			2023-10-19T10:29:18.737Z	StillImage	COORDINATE_ROUNDED;CONTINENT_DERIVED_FROM_COORDINATES;TAXON_MATCH_TAXON_ID_IGNORED
2563507217	50c9509d-22c7-4a22-a47d-8c48425ef4a7	https://www.inaturalist.org/observations/37717361	Animalia	Arthropoda	Insecta	Diptera	Oestridae	Dermatobia	Dermatobia hominis		SPECIES	Dermatobia hominis (Linnaeus, 1781)	Dermatobia hominis		BR		Paraná	PRESENT		28eb1a3f-1c15-4a95-931a-4af90ecb574d	-23.352618	-51.709783	162.0						2020-01-16T19:42:00	16	1	2020	1587436	1587436	HUMAN_OBSERVATION	iNaturalist	Observations	37717361		Ísis Meri Medri	2020-01-18T19:42:34	CC_BY_NC_4_0	Ísis Meri Medri	Ísis Meri Medri			2023-10-19T10:16:57.452Z	StillImage	COORDINATE_ROUNDED;CONTINENT_DERIVED_FROM_COORDINATES;TAXON_MATCH_TAXON_ID_IGNORED
2429218685	50c9509d-22c7-4a22-a47d-8c48425ef4a7	https://www.inaturalist.org/observations/28899446	Animalia	Arthropoda	Insecta	Diptera	Oestridae	Dermatobia	Dermatobia hominis		SPECIES	Dermatobia hominis (Linnaeus, 1781)	Dermatobia hominis		MX		Chiapas	PRESENT		28eb1a3f-1c15-4a95-931a-4af90ecb574d	16.70722	-91.06361	2078.0						2014-08-26T18:29:00	26	8	2014	1587436	1587436	HUMAN_OBSERVATION	iNaturalist	Observations	28899446		Francisco Emilio Roldán Velasco	2019-07-15T23:46:12	CC_BY_NC_4_0	Angelica Zam	Angelica Zam			2023-10-19T10:42:23.804Z	StillImage	COORDINATE_ROUNDED;CONTINENT_DERIVED_FROM_COORDINATES;TAXON_MATCH_TAXON_ID_IGNORED
2284370689	821cc27a-e3bb-4bc5-ac34-89ada245069d	http://n2t.net/ark:/65665/3ec226be6-281d-454b-821d-3c33c0f01627	Animalia	Arthropoda	Insecta	Diptera	Oestridae	Dermatobia	Dermatobia hominis		SPECIES	Dermatobia hominis (Linnaeus, 1781)	Dermatobia hominis		BO	Florida, Refugio Los Volcanes, 4 km North of Bermejo	Santa Cruz	PRESENT	1	bc092ff0-02e4-11dc-991f-b8a03c50a862	-18.1	-63.6			1197.5	0.0			2013-02-25T00:00:00	25	2	2013	1587436	1587436	PRESERVED_SPECIMEN	USNM	ENT	USNMENT01443307				CC0_1_0		S. Lingafelter			2023-10-02T11:46:00.483Z		GEODETIC_DATUM_ASSUMED_WGS84;CONTINENT_DERIVED_FROM_COORDINATES;OCCURRENCE_STATUS_INFERRED_FROM_INDIVIDUAL_COUNT
2283120769	50c9509d-22c7-4a22-a47d-8c48425ef4a7	https://www.inaturalist.org/observations/28058394	Animalia	Arthropoda	Insecta	Diptera	Oestridae	Dermatobia	Dermatobia hominis		SPECIES	Dermatobia hominis (Linnaeus, 1781)	Dermatobia hominis		PE		Madre de Dios	PRESENT		28eb1a3f-1c15-4a95-931a-4af90ecb574d	-12.569511	-70.099977	152.0						2019-06-24T18:56:19	24	6	2019	1587436	1587436	HUMAN_OBSERVATION	iNaturalist	Observations	28058394		steinhardt	2019-07-02T14:46:15	CC_BY_NC_4_0	steinhardt	steinhardt			2023-10-19T10:15:38.941Z	StillImage	COORDINATE_ROUNDED;CONTINENT_DERIVED_FROM_COORDINATES;TAXON_MATCH_TAXON_ID_IGNORED
2248663281	040c5662-da76-4782-a48e-cdea1892d14c	http://bins.boldsystems.org/index.php/Public_RecordView?processid=ASILO447-17	Animalia	Arthropoda	Insecta	Diptera	Oestridae	Dermatobia	Dermatobia hominis		UNRANKED	BOLD:ABU6601	BOLD:ABU6601		BO	Florida, Refugio Los Volcanes, 4 km North of Berme	Santa Cruz	PRESENT		b3bf3a83-1f68-4541-a03f-330d30d567f5	-18.1	-63.6			1197.5	152.5			2013-02-25T00:00:00	25	2	2013	10267500	1587436	MATERIAL_SAMPLE			USNM ENT 01443307		USNM Curators		CC_BY_4_0		S.W.Lingafelter			2023-10-21T07:58:14.541Z		GEODETIC_DATUM_ASSUMED_WGS84;CONTINENT_DERIVED_FROM_COORDINATES;TAXON_MATCH_TAXON_CONCEPT_ID_IGNORED;TAXON_MATCH_TAXON_ID_IGNORED
1894366013	13b81e69-7c05-42ad-89e7-04bfdb21e707	0e28ae714e398124fe083b1e798a78a6	Animalia	Arthropoda	Insecta	Diptera	Oestridae	Dermatobia	Dermatobia hominis		SPECIES	Dermatobia hominis (Linnaeus, 1781)	Dermatobia hominis	(Linnaeus, C. Jr., 1781)	MX	Jaltepec de Candoyoc (San Juan)	Oaxaca	PRESENT	3	ff90b050-c256-11db-b71b-b8a03c50a862	17.353333	-95.413889			30.0	30.0	0.0	0.0	1995-08-13T00:00:00	13	8	1995	1587436	1587436	PRESERVED_SPECIMEN	InDRE-SSA	CAIM	CAIMDip-01197		Ibáñez-Bernal, S.		CC_BY_4_0	Comisión Nacional para el Conocimiento y Uso de la Biodiversidad (CONABIO)	NO DISPONIBLE			2023-09-06T21:34:03.764Z		COORDINATE_ROUNDED;CONTINENT_DERIVED_FROM_COORDINATES;ELEVATION_MIN_MAX_SWAPPED;TYPE_STATUS_INVALID;OCCURRENCE_STATUS_INFERRED_FROM_INDIVIDUAL_COUNT;INSTITUTION_MATCH_NONE
1894366006	13b81e69-7c05-42ad-89e7-04bfdb21e707	8db12a7a94ed449c664a067bf890dd63	Animalia	Arthropoda	Insecta	Diptera	Oestridae	Dermatobia	Dermatobia hominis		SPECIES	Dermatobia hominis (Linnaeus, 1781)	Dermatobia hominis	(Linnaeus, C. Jr., 1781)	MX	PALENQUE	Chiapas	PRESENT	4	ff90b050-c256-11db-b71b-b8a03c50a862	17.509167	-91.982222	90.0		30.0	30.0	0.0	0.0	2003-08-01T00:00:00		8	2003	1587436	1587436	PRESERVED_SPECIMEN	InDRE-SSA	CAIM	CAIMDip-00214		NO DISPONIBLE		CC_BY_4_0	Comisión Nacional para el Conocimiento y Uso de la Biodiversidad (CONABIO)	NO DISPONIBLE			2023-09-06T21:34:03.430Z		COORDINATE_ROUNDED;GEODETIC_DATUM_INVALID;GEODETIC_DATUM_ASSUMED_WGS84;CONTINENT_DERIVED_FROM_COORDINATES;ELEVATION_MIN_MAX_SWAPPED;TYPE_STATUS_INVALID;OCCURRENCE_STATUS_INFERRED_FROM_INDIVIDUAL_COUNT;INSTITUTION_MATCH_NONE
1894365978	13b81e69-7c05-42ad-89e7-04bfdb21e707	7f348815fe0dbd035133c5869d31a538	Animalia	Arthropoda	Insecta	Diptera	Oestridae	Dermatobia	Dermatobia hominis		SPECIES	Dermatobia hominis (Linnaeus, 1781)	Dermatobia hominis	(Linnaeus, C. Jr., 1781)	MX	Ocosingo	Chiapas	PRESENT	5	ff90b050-c256-11db-b71b-b8a03c50a862	16.907222	-92.096111	90.0		450.0	450.0	0.0	0.0	1993-01-01T00:00:00		1	1993	1587436	1587436	PRESERVED_SPECIMEN	InDRE-SSA	CAIM	CAIMDip-01199		Huerta-Jiménez, H.		CC_BY_4_0	Comisión Nacional para el Conocimiento y Uso de la Biodiversidad (CONABIO)	NO DISPONIBLE			2023-09-06T21:34:03.610Z		COORDINATE_ROUNDED;GEODETIC_DATUM_INVALID;GEODETIC_DATUM_ASSUMED_WGS84;CONTINENT_DERIVED_FROM_COORDINATES;ELEVATION_MIN_MAX_SWAPPED;TYPE_STATUS_INVALID;OCCURRENCE_STATUS_INFERRED_FROM_INDIVIDUAL_COUNT;INSTITUTION_MATCH_NONE
1894365971	13b81e69-7c05-42ad-89e7-04bfdb21e707	03fc0e768c53949afe2fb1787f70ac8a	Animalia	Arthropoda	Insecta	Diptera	Oestridae	Dermatobia	Dermatobia hominis		SPECIES	Dermatobia hominis (Linnaeus, 1781)	Dermatobia hominis	(Linnaeus, C. Jr., 1781)	MX	San Elegio	Tabasco	PRESENT	1	ff90b050-c256-11db-b71b-b8a03c50a862	17.973333	-93.116111	90.0		5.0	5.0	0.0	0.0	2002-07-20T00:00:00	20	7	2002	1587436	1587436	PRESERVED_SPECIMEN	InDRE-SSA	CAIM	CAIMDip-00215		Huerta-Jiménez, H.		CC_BY_4_0	Comisión Nacional para el Conocimiento y Uso de la Biodiversidad (CONABIO)	Fernández, D. G.			2023-09-06T21:34:03.762Z		COORDINATE_ROUNDED;GEODETIC_DATUM_INVALID;GEODETIC_DATUM_ASSUMED_WGS84;CONTINENT_DERIVED_FROM_COORDINATES;ELEVATION_MIN_MAX_SWAPPED;TYPE_STATUS_INVALID;OCCURRENCE_STATUS_INFERRED_FROM_INDIVIDUAL_COUNT;INSTITUTION_MATCH_NONE
1500315984	50c9509d-22c7-4a22-a47d-8c48425ef4a7	https://www.inaturalist.org/observations/5962311	Animalia	Arthropoda	Insecta	Diptera	Oestridae	Dermatobia	Dermatobia hominis		SPECIES	Dermatobia hominis (Linnaeus, 1781)	Dermatobia hominis		CR		Heredia	PRESENT		28eb1a3f-1c15-4a95-931a-4af90ecb574d	10.429525	-84.011078	1193.0						2010-06-09T00:00:00	9	6	2010	1587436	1587436	HUMAN_OBSERVATION	iNaturalist	Observations	5962311		Nicholas Sly	2017-04-26T03:36:49	CC_BY_NC_4_0	Nicholas Sly	Nicholas Sly			2023-10-19T10:13:36.148Z	StillImage	COORDINATE_ROUNDED;CONTINENT_DERIVED_FROM_COORDINATES;TAXON_MATCH_TAXON_ID_IGNORED
1457588217	50c9509d-22c7-4a22-a47d-8c48425ef4a7	https://www.inaturalist.org/observations/5500574	Animalia	Arthropoda	Insecta	Diptera	Oestridae	Dermatobia	Dermatobia hominis		SPECIES	Dermatobia hominis (Linnaeus, 1781)	Dermatobia hominis		BZ		Cayo	PRESENT		28eb1a3f-1c15-4a95-931a-4af90ecb574d	17.157356	-89.0645							2012-01-31T00:00:00	31	1	2012	1587436	1587436	HUMAN_OBSERVATION	iNaturalist	Observations	5500574		rolandwirth	2017-03-29T18:43:54	CC_BY_NC_4_0	rolandwirth	rolandwirth			2023-10-19T10:12:42.299Z	StillImage	COORDINATE_ROUNDED;CONTINENT_DERIVED_FROM_COORDINATES;TAXON_MATCH_TAXON_ID_IGNORED
1265531338	50c9509d-22c7-4a22-a47d-8c48425ef4a7	http://www.inaturalist.org/observations/1097217	Animalia	Arthropoda	Insecta	Diptera	Oestridae	Dermatobia	Dermatobia hominis		SPECIES	Dermatobia hominis (Linnaeus, 1781)	Dermatobia hominis		AR		Misiones	PRESENT		28eb1a3f-1c15-4a95-931a-4af90ecb574d	-25.589227	-54.072368	119.0						2013-11-15T00:00:00	15	11	2013	1587436	1587436	HUMAN_OBSERVATION	iNaturalist	Observations	1097217		Nicolas Olejnik	2014-11-26T21:38:05	CC_BY_NC_4_0	Nicolas Olejnik	Nicolas Olejnik			2023-10-19T10:11:40.031Z	StillImage	CONTINENT_DERIVED_FROM_COORDINATES;TAXON_MATCH_TAXON_ID_IGNORED
1257096226	3e9817c1-8302-4955-87e3-a408db0ea379	urn:catalog:INB:Atta:857243	Animalia	Arthropoda	Insecta	Diptera	Oestridae	Dermatobia	Dermatobia hominis		SPECIES	Dermatobia hominis (Linnaeus, 1781)	Dermatobia hominis	(Linnaeus. Desc 2 & Pallas)	CR	Est. Miramar, R. B. Hitoy Cerere	Limón	PRESENT		5c7a5c20-1bd0-11d8-a2da-b8a03c50a862	9.633361	-83.003427			500.0	0.0			1992-08-21T00:00:00	21	8	1992	1587436	1587436	PRESERVED_SPECIMEN	INBio	Insecta	857243		Zumbado, Manuel Angel		CC0_1_0		Gerardo Carballo			2023-10-19T06:02:31.480Z		COORDINATE_ROUNDED;CONTINENT_INVALID;CONTINENT_DERIVED_FROM_COORDINATES;TAXON_MATCH_TAXON_ID_IGNORED;INSTITUTION_MATCH_FUZZY;INSTITUTION_COLLECTION_MISMATCH
1257076143	3e9817c1-8302-4955-87e3-a408db0ea379	urn:catalog:INB:Atta:832655	Animalia	Arthropoda	Insecta	Diptera	Oestridae	Dermatobia	Dermatobia hominis		SPECIES	Dermatobia hominis (Linnaeus, 1781)	Dermatobia hominis	(Linnaeus. Desc 2 & Pallas)	CR	Guacimal, Finca Buen Amigo Monteverde, 4Km S. de la Reserva.	Puntarenas	PRESENT		5c7a5c20-1bd0-11d8-a2da-b8a03c50a862	10.276723	-84.79662			1040.0	0.0			1992-08-24T00:00:00	24	8	1992	1587436	1587436	PRESERVED_SPECIMEN	INBio	Insecta	832655		Zumbado, Manuel Angel		CC0_1_0		Freddy A. Quesada			2023-10-19T06:03:05.328Z		COORDINATE_ROUNDED;CONTINENT_INVALID;CONTINENT_DERIVED_FROM_COORDINATES;TAXON_MATCH_TAXON_ID_IGNORED;INSTITUTION_MATCH_FUZZY;INSTITUTION_COLLECTION_MISMATCH
1257048156	3e9817c1-8302-4955-87e3-a408db0ea379	urn:catalog:INB:Atta:807095	Animalia	Arthropoda	Insecta	Diptera	Oestridae	Dermatobia	Dermatobia hominis		SPECIES	Dermatobia hominis (Linnaeus, 1781)	Dermatobia hominis	(Linnaeus. Desc 2 & Pallas)	CR	A.C. Llanuras del Tortuguero, Pococí, Río Sardinas, Barra del Colorado	Limón	PRESENT		5c7a5c20-1bd0-11d8-a2da-b8a03c50a862	10.64405	-83.742005			10.0	0.0			1992-08-25T00:00:00	25	8	1992	1587436	1587436	PRESERVED_SPECIMEN	INBio	Insecta	807095		Zumbado, Manuel Angel		CC0_1_0		F. Araya			2023-10-19T06:02:31.208Z		COORDINATE_ROUNDED;CONTINENT_INVALID;CONTINENT_DERIVED_FROM_COORDINATES;TAXON_MATCH_TAXON_ID_IGNORED;INSTITUTION_MATCH_FUZZY;INSTITUTION_COLLECTION_MISMATCH
1256961530	3e9817c1-8302-4955-87e3-a408db0ea379	urn:catalog:INB:Atta:729717	Animalia	Arthropoda	Insecta	Diptera	Oestridae	Dermatobia	Dermatobia hominis		SPECIES	Dermatobia hominis (Linnaeus, 1781)	Dermatobia hominis	(Linnaeus. Desc 2 & Pallas)	CR	Guacimal, Finca Buen Amigo Monteverde, 4Km S. de la Reserva.	Puntarenas	PRESENT		5c7a5c20-1bd0-11d8-a2da-b8a03c50a862	10.276723	-84.79662			1040.0	0.0			1992-07-01T00:00:00	1	7	1992	1587436	1587436	PRESERVED_SPECIMEN	INBio	Insecta	729717		Zumbado, Manuel Angel		CC0_1_0		Zobeida Fuentes			2023-10-19T06:03:04.598Z		COORDINATE_ROUNDED;CONTINENT_INVALID;CONTINENT_DERIVED_FROM_COORDINATES;TAXON_MATCH_TAXON_ID_IGNORED;INSTITUTION_MATCH_FUZZY;INSTITUTION_COLLECTION_MISMATCH
1256961516	3e9817c1-8302-4955-87e3-a408db0ea379	urn:catalog:INB:Atta:729715	Animalia	Arthropoda	Insecta	Diptera	Oestridae	Dermatobia	Dermatobia hominis		SPECIES	Dermatobia hominis (Linnaeus, 1781)	Dermatobia hominis	(Linnaeus. Desc 2 & Pallas)	CR	Guacimal, Finca Buen Amigo Monteverde, 4Km S. de la Reserva.	Puntarenas	PRESENT		5c7a5c20-1bd0-11d8-a2da-b8a03c50a862	10.276723	-84.79662			1040.0	0.0			1992-07-01T00:00:00	1	7	1992	1587436	1587436	PRESERVED_SPECIMEN	INBio	Insecta	729715		Zumbado, Manuel Angel		CC0_1_0		Zobeida Fuentes			2023-10-19T06:02:31.020Z		COORDINATE_ROUNDED;CONTINENT_INVALID;CONTINENT_DERIVED_FROM_COORDINATES;TAXON_MATCH_TAXON_ID_IGNORED;INSTITUTION_MATCH_FUZZY;INSTITUTION_COLLECTION_MISMATCH
1256961510	3e9817c1-8302-4955-87e3-a408db0ea379	urn:catalog:INB:Atta:729719	Animalia	Arthropoda	Insecta	Diptera	Oestridae	Dermatobia	Dermatobia hominis		SPECIES	Dermatobia hominis (Linnaeus, 1781)	Dermatobia hominis	(Linnaeus. Desc 2 & Pallas)	CR	Guacimal, Finca Buen Amigo Monteverde, 4Km S. de la Reserva.	Puntarenas	PRESENT		5c7a5c20-1bd0-11d8-a2da-b8a03c50a862	10.276723	-84.79662			1040.0	0.0			1992-07-01T00:00:00	1	7	1992	1587436	1587436	PRESERVED_SPECIMEN	INBio	Insecta	729719		Zumbado, Manuel Angel		CC0_1_0		Zobeida Fuentes			2023-10-19T06:03:04.551Z		COORDINATE_ROUNDED;CONTINENT_INVALID;CONTINENT_DERIVED_FROM_COORDINATES;TAXON_MATCH_TAXON_ID_IGNORED;INSTITUTION_MATCH_FUZZY;INSTITUTION_COLLECTION_MISMATCH
1256939062	3e9817c1-8302-4955-87e3-a408db0ea379	urn:catalog:INB:Atta:709537	Animalia	Arthropoda	Insecta	Diptera	Oestridae	Dermatobia	Dermatobia hominis		SPECIES	Dermatobia hominis (Linnaeus, 1781)	Dermatobia hominis	(Linnaeus. Desc 2 & Pallas)	CR	Valle La Estrella	Limón	PRESENT		5c7a5c20-1bd0-11d8-a2da-b8a03c50a862	9.671765	-83.027702			100.0	0.0			1992-07-01T00:00:00	1	7	1992	1587436	1587436	PRESERVED_SPECIMEN	INBio	Insecta	709537		Zumbado, Manuel Angel		CC0_1_0		Gerardo Carballo			2023-10-19T06:03:42.534Z		COORDINATE_ROUNDED;CONTINENT_INVALID;CONTINENT_DERIVED_FROM_COORDINATES;TAXON_MATCH_TAXON_ID_IGNORED;INSTITUTION_MATCH_FUZZY;INSTITUTION_COLLECTION_MISMATCH
1256821400	3e9817c1-8302-4955-87e3-a408db0ea379	urn:catalog:INB:Atta:576796	Animalia	Arthropoda	Insecta	Diptera	Oestridae	Dermatobia	Dermatobia hominis		SPECIES	Dermatobia hominis (Linnaeus, 1781)	Dermatobia hominis	(Linnaeus. Desc 2 & Pallas)	CR	Sarapiquí, La Virgen, P.N. Braulio Carrillo. Estacion Magsasay.	Heredia	PRESENT		5c7a5c20-1bd0-11d8-a2da-b8a03c50a862	10.401256	-84.050228			325.0	125.0			1991-03-01T00:00:00	1	3	1991	1587436	1587436	PRESERVED_SPECIMEN	INBio	Insecta	576796		Zumbado, Manuel Angel		CC0_1_0		Alvaro Fernandez			2023-10-19T06:03:03.561Z		COORDINATE_ROUNDED;CONTINENT_INVALID;CONTINENT_DERIVED_FROM_COORDINATES;TAXON_MATCH_TAXON_ID_IGNORED;INSTITUTION_MATCH_FUZZY;INSTITUTION_COLLECTION_MISMATCH
1256819590	3e9817c1-8302-4955-87e3-a408db0ea379	urn:catalog:INB:Atta:575585	Animalia	Arthropoda	Insecta	Diptera	Oestridae	Dermatobia	Dermatobia hominis		SPECIES	Dermatobia hominis (Linnaeus, 1781)	Dermatobia hominis	(Linnaeus. Desc 2 & Pallas)	CR	A.C.C.V.C, Sarapiquí, La Virgen, Pque Nqal Braulio Carrillo, Estación Magsasay	Heredia	PRESENT		5c7a5c20-1bd0-11d8-a2da-b8a03c50a862	10.401255	-84.049314			200.0	0.0			1991-04-01T00:00:00	1	4	1991	1587436	1587436	PRESERVED_SPECIMEN	INBio	Insecta	575585		Zumbado, Manuel Angel		CC0_1_0		Manuel Angel Zumbado			2023-10-19T06:02:29.506Z		COORDINATE_ROUNDED;CONTINENT_INVALID;CONTINENT_DERIVED_FROM_COORDINATES;TAXON_MATCH_TAXON_ID_IGNORED;INSTITUTION_MATCH_FUZZY;INSTITUTION_COLLECTION_MISMATCH
1256819564	3e9817c1-8302-4955-87e3-a408db0ea379	urn:catalog:INB:Atta:575583	Animalia	Arthropoda	Insecta	Diptera	Oestridae	Dermatobia	Dermatobia hominis		SPECIES	Dermatobia hominis (Linnaeus, 1781)	Dermatobia hominis	(Linnaeus. Desc 2 & Pallas)	CR	A.C.C.V.C, Sarapiquí, La Virgen, Pque Nqal Braulio Carrillo, Estación Magsasay	Heredia	PRESENT		5c7a5c20-1bd0-11d8-a2da-b8a03c50a862	10.401255	-84.049314			200.0	0.0			1991-04-01T00:00:00	1	4	1991	1587436	1587436	PRESERVED_SPECIMEN	INBio	Insecta	575583		Zumbado, Manuel Angel		CC0_1_0		Manuel Angel Zumbado			2023-10-19T06:02:29.359Z		COORDINATE_ROUNDED;CONTINENT_INVALID;CONTINENT_DERIVED_FROM_COORDINATES;TAXON_MATCH_TAXON_ID_IGNORED;INSTITUTION_MATCH_FUZZY;INSTITUTION_COLLECTION_MISMATCH
1256804768	3e9817c1-8302-4955-87e3-a408db0ea379	urn:catalog:INB:Atta:595973	Animalia	Arthropoda	Insecta	Diptera	Oestridae	Dermatobia	Dermatobia hominis		SPECIES	Dermatobia hominis (Linnaeus, 1781)	Dermatobia hominis	(Linnaeus. Desc 2 & Pallas)	CR	Valle La Estrella	Limón	PRESENT		5c7a5c20-1bd0-11d8-a2da-b8a03c50a862	9.671765	-83.027702			200.0	0.0			1991-04-01T00:00:00	1	4	1991	1587436	1587436	PRESERVED_SPECIMEN	INBio	Insecta	595973		Zumbado, Manuel Angel		CC0_1_0		Alberth Moreno			2023-10-19T06:02:29.942Z		COORDINATE_ROUNDED;CONTINENT_INVALID;CONTINENT_DERIVED_FROM_COORDINATES;TAXON_MATCH_TAXON_ID_IGNORED;INSTITUTION_MATCH_FUZZY;INSTITUTION_COLLECTION_MISMATCH
1256470048	3e9817c1-8302-4955-87e3-a408db0ea379	urn:catalog:INB:Atta:4286728	Animalia	Arthropoda	Insecta	Diptera	Oestridae	Dermatobia	Dermatobia hominis		SPECIES	Dermatobia hominis (Linnaeus, 1781)	Dermatobia hominis	(Linnaeus. Desc 2 & Pallas)	CR	Río Nuevo, 2.5 Km lineales al N.E.  de la unión de los ríos Savegre y División.	San José	PRESENT		5c7a5c20-1bd0-11d8-a2da-b8a03c50a862	9.455266	-83.944055			321.0	0.0			2002-03-15T00:00:00	15	3	2002	1587436	1587436	PRESERVED_SPECIMEN	INBio	Insecta	4286728		Zumbado, Manuel Angel		CC0_1_0		Luis Guillermo Chaverri			2023-10-19T06:02:49.726Z		COORDINATE_ROUNDED;CONTINENT_INVALID;CONTINENT_DERIVED_FROM_COORDINATES;TAXON_MATCH_TAXON_ID_IGNORED;INSTITUTION_MATCH_FUZZY;INSTITUTION_COLLECTION_MISMATCH
1256424370	3e9817c1-8302-4955-87e3-a408db0ea379	urn:catalog:INB:Atta:4200742	Animalia	Arthropoda	Insecta	Diptera	Oestridae	Dermatobia	Dermatobia hominis		SPECIES	Dermatobia hominis (Linnaeus, 1781)	Dermatobia hominis	(Linnaeus. Desc 2 & Pallas)	CR	A.C.C.V.C, Sarapiquí, Zona Prot La Selva, Estación Biol La Selva	Heredia	PRESENT		5c7a5c20-1bd0-11d8-a2da-b8a03c50a862	10.431957	-84.008187			75.0	25.0			2006-03-07T00:00:00	7	3	2006	1587436	1587436	PRESERVED_SPECIMEN	INBio	Insecta	4200742		Zumbado, Manuel Angel		CC0_1_0		M. Thomas; David Wagner			2023-10-19T06:02:49.152Z		COORDINATE_ROUNDED;CONTINENT_INVALID;CONTINENT_DERIVED_FROM_COORDINATES;TAXON_MATCH_TAXON_ID_IGNORED;INSTITUTION_MATCH_FUZZY;INSTITUTION_COLLECTION_MISMATCH
1256378908	3e9817c1-8302-4955-87e3-a408db0ea379	urn:catalog:INB:Atta:4171849	Animalia	Arthropoda	Insecta	Diptera	Oestridae	Dermatobia	Dermatobia hominis		SPECIES	Dermatobia hominis (Linnaeus, 1781)	Dermatobia hominis	(Linnaeus. Desc 2 & Pallas)	CR	Reserva Leones, Naciente Quebrada Leones	Guanacaste	PRESENT		5c7a5c20-1bd0-11d8-a2da-b8a03c50a862	10.641107	-85.038906			850.0	50.0			2008-09-25T00:00:00	25	9	2008	1587436	1587436	PRESERVED_SPECIMEN	INBio	Insecta	4171849		Zumbado, Manuel Angel		CC0_1_0		Jose Antonio Azofeifa Zuñiga			2023-10-19T06:03:22.259Z		COORDINATE_ROUNDED;CONTINENT_INVALID;CONTINENT_DERIVED_FROM_COORDINATES;TAXON_MATCH_TAXON_ID_IGNORED;INSTITUTION_MATCH_FUZZY;INSTITUTION_COLLECTION_MISMATCH
1256342729	3e9817c1-8302-4955-87e3-a408db0ea379	urn:catalog:INB:Atta:410982	Animalia	Arthropoda	Insecta	Diptera	Oestridae	Dermatobia	Dermatobia hominis		SPECIES	Dermatobia hominis (Linnaeus, 1781)	Dermatobia hominis	(Linnaeus. Desc 2 & Pallas)	CR	Liberia, Mayorga, Estación Cacao, 2 Km SW de Cerro Cacao.	Guanacaste	PRESENT		5c7a5c20-1bd0-11d8-a2da-b8a03c50a862	10.930083	-85.470423			1200.0	200.0			1992-05-21T00:00:00	21	5	1992	1587436	1587436	PRESERVED_SPECIMEN	INBio	Insecta	410982		Zumbado, Manuel Angel		CC0_1_0		Manuel Angel Zumbado			2023-10-19T06:03:03.996Z		COORDINATE_ROUNDED;CONTINENT_INVALID;CONTINENT_DERIVED_FROM_COORDINATES;TAXON_MATCH_TAXON_ID_IGNORED;INSTITUTION_MATCH_FUZZY;INSTITUTION_COLLECTION_MISMATCH
1256285251	3e9817c1-8302-4955-87e3-a408db0ea379	urn:catalog:INB:Atta:4011064	Animalia	Arthropoda	Insecta	Diptera	Oestridae	Dermatobia	Dermatobia hominis		SPECIES	Dermatobia hominis (Linnaeus, 1781)	Dermatobia hominis	(Linnaeus. Desc 2 & Pallas)	CR	P.N. Barbilla. Estación Barbilla.	Cartago	PRESENT		5c7a5c20-1bd0-11d8-a2da-b8a03c50a862	9.981348	-83.454259			500.0	0.0			2001-08-14T00:00:00	14	8	2001	1587436	1587436	PRESERVED_SPECIMEN	INBio	Insecta	4011064		Zumbado, Manuel Angel		CC0_1_0		Elias Rojas			2023-10-19T06:02:48.221Z		COORDINATE_ROUNDED;CONTINENT_INVALID;CONTINENT_DERIVED_FROM_COORDINATES;TAXON_MATCH_TAXON_ID_IGNORED;INSTITUTION_MATCH_FUZZY;INSTITUTION_COLLECTION_MISMATCH
1256277399	3e9817c1-8302-4955-87e3-a408db0ea379	urn:catalog:INB:Atta:4030662	Animalia	Arthropoda	Insecta	Diptera	Oestridae	Dermatobia	Dermatobia hominis		SPECIES	Dermatobia hominis (Linnaeus, 1781)	Dermatobia hominis	(Linnaeus. Desc 2 & Pallas)	CR	El Ceibo	Heredia	PRESENT		5c7a5c20-1bd0-11d8-a2da-b8a03c50a862	10.329083	-84.080102			550.0	50.0			2005-09-28T00:00:00	28	9	2005	1587436	1587436	PRESERVED_SPECIMEN	INBio	Insecta	4030662		Zumbado, Manuel Angel		CC0_1_0		Miguel Ballestero			2023-10-19T06:03:21.763Z		COORDINATE_ROUNDED;CONTINENT_INVALID;CONTINENT_DERIVED_FROM_COORDINATES;TAXON_MATCH_TAXON_ID_IGNORED;INSTITUTION_MATCH_FUZZY;INSTITUTION_COLLECTION_MISMATCH
1256263925	3e9817c1-8302-4955-87e3-a408db0ea379	urn:catalog:INB:Atta:399412	Animalia	Arthropoda	Insecta	Diptera	Oestridae	Dermatobia	Dermatobia hominis		SPECIES	Dermatobia hominis (Linnaeus, 1781)	Dermatobia hominis	(Linnaeus. Desc 2 & Pallas)	CR	A.C.G, La Cruz, Santa Elena, Cerro El Hacha, 12 km SE de La Cruz	Guanacaste	PRESENT		5c7a5c20-1bd0-11d8-a2da-b8a03c50a862	10.983166	-85.541069			300.0	0.0			1991-11-01T00:00:00	1	11	1991	1587436	1587436	PRESERVED_SPECIMEN	INBio	Insecta	399412		Zumbado, Manuel Angel		CC0_1_0		Roberto Espinoza			2023-10-19T06:03:01.583Z		COORDINATE_ROUNDED;CONTINENT_INVALID;CONTINENT_DERIVED_FROM_COORDINATES;TAXON_MATCH_TAXON_ID_IGNORED;INSTITUTION_MATCH_FUZZY;INSTITUTION_COLLECTION_MISMATCH
1256263590	3e9817c1-8302-4955-87e3-a408db0ea379	urn:catalog:INB:Atta:399405	Animalia	Arthropoda	Insecta	Diptera	Oestridae	Dermatobia	Dermatobia hominis		SPECIES	Dermatobia hominis (Linnaeus, 1781)	Dermatobia hominis	(Linnaeus. Desc 2 & Pallas)	CR	A.C.G, La Cruz, Santa Elena, Cerro El Hacha, 12 km SE de La Cruz	Guanacaste	PRESENT		5c7a5c20-1bd0-11d8-a2da-b8a03c50a862	10.983166	-85.541069			300.0	0.0			1991-11-01T00:00:00	1	11	1991	1587436	1587436	PRESERVED_SPECIMEN	INBio	Insecta	399405		Zumbado, Manuel Angel		CC0_1_0		Roberto Espinoza			2023-10-19T06:02:27.971Z		COORDINATE_ROUNDED;CONTINENT_INVALID;CONTINENT_DERIVED_FROM_COORDINATES;TAXON_MATCH_TAXON_ID_IGNORED;INSTITUTION_MATCH_FUZZY;INSTITUTION_COLLECTION_MISMATCH
1256241081	3e9817c1-8302-4955-87e3-a408db0ea379	urn:catalog:INB:Atta:3958904	Animalia	Arthropoda	Insecta	Diptera	Oestridae	Dermatobia	Dermatobia hominis		SPECIES	Dermatobia hominis (Linnaeus, 1781)	Dermatobia hominis	(Linnaeus. Desc 2 & Pallas)	CR	Estacion El Ceibo.	Heredia	PRESENT		5c7a5c20-1bd0-11d8-a2da-b8a03c50a862	10.328044	-84.080424			450.0	50.0			2005-01-15T00:00:00	15	1	2005	1587436	1587436	PRESERVED_SPECIMEN	INBio	Insecta	3958904		Zumbado, Manuel Angel		CC0_1_0		Arnoldo Peraza			2023-10-19T06:02:48.523Z		COORDINATE_ROUNDED;CONTINENT_INVALID;CONTINENT_DERIVED_FROM_COORDINATES;TAXON_MATCH_TAXON_ID_IGNORED;INSTITUTION_MATCH_FUZZY;INSTITUTION_COLLECTION_MISMATCH
1256099202	3e9817c1-8302-4955-87e3-a408db0ea379	urn:catalog:INB:Atta:992560	Animalia	Arthropoda	Insecta	Diptera	Oestridae	Dermatobia	Dermatobia hominis		SPECIES	Dermatobia hominis (Linnaeus, 1781)	Dermatobia hominis	(Linnaeus. Desc 2 & Pallas)	CR	Valle La Estrella	Limón	PRESENT		5c7a5c20-1bd0-11d8-a2da-b8a03c50a862	9.671765	-83.027702			100.0	0.0			1992-12-01T00:00:00	1	12	1992	1587436	1587436	PRESERVED_SPECIMEN	INBio	Insecta	992560		Zumbado, Manuel Angel		CC0_1_0		Gerardo Carballo			2023-10-19T06:02:33.054Z		COORDINATE_ROUNDED;CONTINENT_INVALID;CONTINENT_DERIVED_FROM_COORDINATES;TAXON_MATCH_TAXON_ID_IGNORED;INSTITUTION_MATCH_FUZZY;INSTITUTION_COLLECTION_MISMATCH
1256081786	3e9817c1-8302-4955-87e3-a408db0ea379	urn:catalog:INB:Atta:378285	Animalia	Arthropoda	Insecta	Diptera	Oestridae	Dermatobia	Dermatobia hominis		SPECIES	Dermatobia hominis (Linnaeus, 1781)	Dermatobia hominis	(Linnaeus. Desc 2 & Pallas)	CR	Río San Lorenzo, Tierras Morenas	Guanacaste	PRESENT		5c7a5c20-1bd0-11d8-a2da-b8a03c50a862	10.610459	-84.994966			1050.0	0.0			1992-08-01T00:00:00	1	8	1992	1587436	1587436	PRESERVED_SPECIMEN	INBio	Insecta	378285		Zumbado, Manuel Angel		CC0_1_0		Gladys Rodriguez			2023-10-19T06:03:02.055Z		COORDINATE_ROUNDED;CONTINENT_INVALID;CONTINENT_DERIVED_FROM_COORDINATES;TAXON_MATCH_TAXON_ID_IGNORED;INSTITUTION_MATCH_FUZZY;INSTITUTION_COLLECTION_MISMATCH
1255928393	3e9817c1-8302-4955-87e3-a408db0ea379	urn:catalog:INB:Atta:3544284	Animalia	Arthropoda	Insecta	Diptera	Oestridae	Dermatobia	Dermatobia hominis		SPECIES	Dermatobia hominis (Linnaeus, 1781)	Dermatobia hominis	(Linnaeus. Desc 2 & Pallas)	CR	Upala, Bijagua. Área de Conservación Arenal. Estación Pilón. Sendero a la catarata Río Celeste.	Alajuela	PRESENT		5c7a5c20-1bd0-11d8-a2da-b8a03c50a862	10.718963	-84.992459			700.0	0.0			2002-08-15T00:00:00	15	8	2002	1587436	1587436	PRESERVED_SPECIMEN	INBio	Insecta	3544284		Zumbado, Manuel Angel		CC0_1_0		Gerardo Carballo			2023-10-19T06:03:18.433Z		COORDINATE_ROUNDED;CONTINENT_INVALID;CONTINENT_DERIVED_FROM_COORDINATES;TAXON_MATCH_TAXON_ID_IGNORED;INSTITUTION_MATCH_FUZZY;INSTITUTION_COLLECTION_MISMATCH
1255928382	3e9817c1-8302-4955-87e3-a408db0ea379	urn:catalog:INB:Atta:3544283	Animalia	Arthropoda	Insecta	Diptera	Oestridae	Dermatobia	Dermatobia hominis		SPECIES	Dermatobia hominis (Linnaeus, 1781)	Dermatobia hominis	(Linnaeus. Desc 2 & Pallas)	CR	Upala, Bijagua. Área de Conservación Arenal. Estación Pilón. Sendero a la catarata Río Celeste.	Alajuela	PRESENT		5c7a5c20-1bd0-11d8-a2da-b8a03c50a862	10.718963	-84.992459			700.0	0.0			2002-08-15T00:00:00	15	8	2002	1587436	1587436	PRESERVED_SPECIMEN	INBio	Insecta	3544283		Zumbado, Manuel Angel		CC0_1_0		Gerardo Carballo			2023-10-19T06:03:18.852Z		COORDINATE_ROUNDED;CONTINENT_INVALID;CONTINENT_DERIVED_FROM_COORDINATES;TAXON_MATCH_TAXON_ID_IGNORED;INSTITUTION_MATCH_FUZZY;INSTITUTION_COLLECTION_MISMATCH
1255900882	3e9817c1-8302-4955-87e3-a408db0ea379	urn:catalog:INB:Atta:3532478	Animalia	Arthropoda	Insecta	Diptera	Oestridae	Dermatobia	Dermatobia hominis		SPECIES	Dermatobia hominis (Linnaeus, 1781)	Dermatobia hominis	(Linnaeus. Desc 2 & Pallas)	CR	Upala, Bijagua, P.N. Volcán Tenorio, Albergue Heliconias, Sendero Heliconias	Alajuela	PRESENT		5c7a5c20-1bd0-11d8-a2da-b8a03c50a862	10.712528	-85.04089			700.0	0.0			2002-08-16T00:00:00	16	8	2002	1587436	1587436	PRESERVED_SPECIMEN	INBio	Insecta	3532478		Zumbado, Manuel Angel		CC0_1_0		José Daniel Gutiérrez Ruíz			2023-10-19T06:02:45.857Z		COORDINATE_ROUNDED;CONTINENT_INVALID;CONTINENT_DERIVED_FROM_COORDINATES;TAXON_MATCH_TAXON_ID_IGNORED;INSTITUTION_MATCH_FUZZY;INSTITUTION_COLLECTION_MISMATCH
1255630169	3e9817c1-8302-4955-87e3-a408db0ea379	urn:catalog:INB:Atta:3144888	Animalia	Arthropoda	Insecta	Diptera	Oestridae	Dermatobia	Dermatobia hominis		SPECIES	Dermatobia hominis (Linnaeus, 1781)	Dermatobia hominis	(Linnaeus. Desc 2 & Pallas)	CR	Upala, Est San Gerardo, Stor San Cristobal, Send Carmona	Alajuela	PRESENT		5c7a5c20-1bd0-11d8-a2da-b8a03c50a862	10.876985	-85.399802			600.0	0.0			2000-04-24T00:00:00	24	4	2000	1587436	1587436	PRESERVED_SPECIMEN	INBio	Insecta	3144888		Zumbado, Manuel Angel		CC0_1_0		Duvalier Briceño			2023-10-19T06:03:16.582Z		COORDINATE_ROUNDED;CONTINENT_INVALID;CONTINENT_DERIVED_FROM_COORDINATES;TAXON_MATCH_TAXON_ID_IGNORED;INSTITUTION_MATCH_FUZZY;INSTITUTION_COLLECTION_MISMATCH
1255595908	3e9817c1-8302-4955-87e3-a408db0ea379	urn:catalog:INB:Atta:312364	Animalia	Arthropoda	Insecta	Diptera	Oestridae	Dermatobia	Dermatobia hominis		SPECIES	Dermatobia hominis (Linnaeus, 1781)	Dermatobia hominis	(Linnaeus. Desc 2 & Pallas)	CR	Estacion El Ceibo.	Heredia	PRESENT		5c7a5c20-1bd0-11d8-a2da-b8a03c50a862	10.328044	-84.080424			500.0	100.0			1990-02-01T00:00:00	1	2	1990	1587436	1587436	PRESERVED_SPECIMEN	INBio	Insecta	312364		Zumbado, Manuel Angel		CC0_1_0		Carlos Chavez			2023-10-19T06:03:41.185Z		COORDINATE_ROUNDED;CONTINENT_INVALID;CONTINENT_DERIVED_FROM_COORDINATES;TAXON_MATCH_TAXON_ID_IGNORED;INSTITUTION_MATCH_FUZZY;INSTITUTION_COLLECTION_MISMATCH
1255439900	3e9817c1-8302-4955-87e3-a408db0ea379	urn:catalog:INB:Atta:282463	Animalia	Arthropoda	Insecta	Diptera	Oestridae	Dermatobia	Dermatobia hominis		SPECIES	Dermatobia hominis (Linnaeus, 1781)	Dermatobia hominis	(Linnaeus. Desc 2 & Pallas)	CR	A.C.G, Upala, Dos Ríos ( Colonia Mayorga ), Finca San Gabriel	Alajuela	PRESENT		5c7a5c20-1bd0-11d8-a2da-b8a03c50a862	10.889645	-85.398931			600.0	0.0			1990-05-01T00:00:00	1	5	1990	1587436	1587436	PRESERVED_SPECIMEN	INBio	Insecta	282463		Zumbado, Manuel Angel		CC0_1_0		? Parataxonomos II			2023-10-19T06:03:41.103Z		COORDINATE_ROUNDED;CONTINENT_INVALID;CONTINENT_DERIVED_FROM_COORDINATES;TAXON_MATCH_TAXON_ID_IGNORED;INSTITUTION_MATCH_FUZZY;INSTITUTION_COLLECTION_MISMATCH
1255397611	3e9817c1-8302-4955-87e3-a408db0ea379	urn:catalog:INB:Atta:2598068	Animalia	Arthropoda	Insecta	Diptera	Oestridae	Dermatobia	Dermatobia hominis		SPECIES	Dermatobia hominis (Linnaeus, 1781)	Dermatobia hominis	(Linnaeus. Desc 2 & Pallas)	CR	Upala, Dos Ríos, San Cristobal.	Alajuela	PRESENT		5c7a5c20-1bd0-11d8-a2da-b8a03c50a862	10.882909	-85.401652			610.0	10.0			1997-10-01T00:00:00	1	10	1997	1587436	1587436	PRESERVED_SPECIMEN	INBio	Insecta	2598068		Zumbado, Manuel Angel		CC0_1_0		Freddy A. Quesada			2023-10-19T06:02:42.886Z		COORDINATE_ROUNDED;CONTINENT_INVALID;CONTINENT_DERIVED_FROM_COORDINATES;TAXON_MATCH_TAXON_ID_IGNORED;INSTITUTION_MATCH_FUZZY;INSTITUTION_COLLECTION_MISMATCH
1255193620	3e9817c1-8302-4955-87e3-a408db0ea379	urn:catalog:INB:Atta:2437244	Animalia	Arthropoda	Insecta	Diptera	Oestridae	Dermatobia	Dermatobia hominis		SPECIES	Dermatobia hominis (Linnaeus, 1781)	Dermatobia hominis	(Linnaeus. Desc 2 & Pallas)	CR	Guacimal, Finca Buen Amigo Monteverde, 4Km S. de la Reserva.	Puntarenas	PRESENT		5c7a5c20-1bd0-11d8-a2da-b8a03c50a862	10.276723	-84.79662			1100.0	0.0			1993-08-01T00:00:00	1	8	1993	1587436	1587436	PRESERVED_SPECIMEN	INBio	Insecta	2437244		Zumbado, Manuel Angel		CC0_1_0		Zobeida Fuentes			2023-10-19T06:03:47.780Z		COORDINATE_ROUNDED;CONTINENT_INVALID;CONTINENT_DERIVED_FROM_COORDINATES;TAXON_MATCH_TAXON_ID_IGNORED;INSTITUTION_MATCH_FUZZY;INSTITUTION_COLLECTION_MISMATCH
1255163066	3e9817c1-8302-4955-87e3-a408db0ea379	urn:catalog:INB:Atta:239341	Animalia	Arthropoda	Insecta	Diptera	Oestridae	Dermatobia	Dermatobia hominis		SPECIES	Dermatobia hominis (Linnaeus, 1781)	Dermatobia hominis	(Linnaeus. Desc 2 & Pallas)	CR	A.C.G, Liberia, Pque Nal Sta Rosa, Estación Santa Rosa	Guanacaste	PRESENT		5c7a5c20-1bd0-11d8-a2da-b8a03c50a862	10.83641	-85.615491			300.0	0.0			1990-06-01T00:00:00	1	6	1990	1587436	1587436	PRESERVED_SPECIMEN	INBio	Insecta	239341		Zumbado, Manuel Angel		CC0_1_0		Roberto Espinoza			2023-10-19T06:03:00.299Z		COORDINATE_ROUNDED;CONTINENT_INVALID;CONTINENT_DERIVED_FROM_COORDINATES;TAXON_MATCH_TAXON_ID_IGNORED;INSTITUTION_MATCH_FUZZY;INSTITUTION_COLLECTION_MISMATCH
1255157695	3e9817c1-8302-4955-87e3-a408db0ea379	urn:catalog:INB:Atta:2388609	Animalia	Arthropoda	Insecta	Diptera	Oestridae	Dermatobia	Dermatobia hominis		SPECIES	Dermatobia hominis (Linnaeus, 1781)	Dermatobia hominis	(Linnaeus. Desc 2 & Pallas)	CR	Sector Colonia  Palmareña, San Ramón.	Alajuela	PRESENT		5c7a5c20-1bd0-11d8-a2da-b8a03c50a862	10.232228	-84.553306			760.0	0.0			1995-04-22T00:00:00	22	4	1995	1587436	1587436	PRESERVED_SPECIMEN	INBio	Insecta	2388609		Zumbado, Manuel Angel		CC0_1_0		Manuel Angel Zumbado			2023-10-19T06:02:39.859Z		COORDINATE_ROUNDED;CONTINENT_INVALID;CONTINENT_DERIVED_FROM_COORDINATES;TAXON_MATCH_TAXON_ID_IGNORED;INSTITUTION_MATCH_FUZZY;INSTITUTION_COLLECTION_MISMATCH
1255149871	3e9817c1-8302-4955-87e3-a408db0ea379	urn:catalog:INB:Atta:2358973	Animalia	Arthropoda	Insecta	Diptera	Oestridae	Dermatobia	Dermatobia hominis		SPECIES	Dermatobia hominis (Linnaeus, 1781)	Dermatobia hominis	(Linnaeus. Desc 2 & Pallas)	CR	Golfito, Jiménez, Albergue Cerro de Oro.	Puntarenas	PRESENT		5c7a5c20-1bd0-11d8-a2da-b8a03c50a862	8.562878	-83.499073			160.0	10.0			1996-01-02T00:00:00	2	1	1996	1587436	1587436	PRESERVED_SPECIMEN	INBio	Insecta	2358973		Zumbado, Manuel Angel		CC0_1_0		Luis Angulo			2023-10-19T06:03:14.590Z		COORDINATE_ROUNDED;CONTINENT_INVALID;CONTINENT_DERIVED_FROM_COORDINATES;TAXON_MATCH_TAXON_ID_IGNORED;INSTITUTION_MATCH_FUZZY;INSTITUTION_COLLECTION_MISMATCH
1255058509	3e9817c1-8302-4955-87e3-a408db0ea379	urn:catalog:INB:Atta:2243720	Animalia	Arthropoda	Insecta	Diptera	Oestridae	Dermatobia	Dermatobia hominis		SPECIES	Dermatobia hominis (Linnaeus, 1781)	Dermatobia hominis	(Linnaeus. Desc 2 & Pallas)	CR	Garabito, Reserva Biol Carara, Est Quebrada Bonita	Puntarenas	PRESENT		5c7a5c20-1bd0-11d8-a2da-b8a03c50a862	9.774233	-84.608124			100.0	0.0			1995-01-01T00:00:00	1	1	1995	1587436	1587436	PRESERVED_SPECIMEN	INBio	Insecta	2243720		Zumbado, Manuel Angel		CC0_1_0		Rosa Guzman			2023-10-19T06:03:47.068Z		COORDINATE_ROUNDED;CONTINENT_INVALID;CONTINENT_DERIVED_FROM_COORDINATES;TAXON_MATCH_TAXON_ID_IGNORED;INSTITUTION_MATCH_FUZZY;INSTITUTION_COLLECTION_MISMATCH
1254825344	3e9817c1-8302-4955-87e3-a408db0ea379	urn:catalog:INB:Atta:2021932	Animalia	Arthropoda	Insecta	Diptera	Oestridae	Dermatobia	Dermatobia hominis		SPECIES	Dermatobia hominis (Linnaeus, 1781)	Dermatobia hominis	(Linnaeus. Desc 2 & Pallas)	CR	Guacimal, Finca Buen Amigo Monteverde, 4Km S. de la Reserva.	Puntarenas	PRESENT		5c7a5c20-1bd0-11d8-a2da-b8a03c50a862	10.276723	-84.79662			1100.0	0.0			1994-09-01T00:00:00	1	9	1994	1587436	1587436	PRESERVED_SPECIMEN	INBio	Insecta	2021932		Zumbado, Manuel Angel		CC0_1_0		Zobeida Fuentes			2023-10-19T06:02:37.737Z		COORDINATE_ROUNDED;CONTINENT_INVALID;CONTINENT_DERIVED_FROM_COORDINATES;TAXON_MATCH_TAXON_ID_IGNORED;INSTITUTION_MATCH_FUZZY;INSTITUTION_COLLECTION_MISMATCH
1254821668	3e9817c1-8302-4955-87e3-a408db0ea379	urn:catalog:INB:Atta:2013726	Animalia	Arthropoda	Insecta	Diptera	Oestridae	Dermatobia	Dermatobia hominis		SPECIES	Dermatobia hominis (Linnaeus, 1781)	Dermatobia hominis	(Linnaeus. Desc 2 & Pallas)	CR	Guacimal, Finca Buen Amigo Monteverde, 4Km S. de la Reserva.	Puntarenas	PRESENT		5c7a5c20-1bd0-11d8-a2da-b8a03c50a862	10.276723	-84.79662			1100.0	0.0			1994-07-01T00:00:00	1	7	1994	1587436	1587436	PRESERVED_SPECIMEN	INBio	Insecta	2013726		Zumbado, Manuel Angel		CC0_1_0		Zobeida Fuentes			2023-10-19T06:02:37.814Z		COORDINATE_ROUNDED;CONTINENT_INVALID;CONTINENT_DERIVED_FROM_COORDINATES;TAXON_MATCH_TAXON_ID_IGNORED;INSTITUTION_MATCH_FUZZY;INSTITUTION_COLLECTION_MISMATCH
1254707999	3e9817c1-8302-4955-87e3-a408db0ea379	urn:catalog:INB:Atta:1893940	Animalia	Arthropoda	Insecta	Diptera	Oestridae	Dermatobia	Dermatobia hominis		SPECIES	Dermatobia hominis (Linnaeus, 1781)	Dermatobia hominis	(Linnaeus. Desc 2 & Pallas)	CR	Guacimal, Finca Buen Amigo Monteverde, 4Km S. de la Reserva.	Puntarenas	PRESENT		5c7a5c20-1bd0-11d8-a2da-b8a03c50a862	10.276723	-84.79662			1100.0	0.0			1994-05-01T00:00:00	1	5	1994	1587436	1587436	PRESERVED_SPECIMEN	INBio	Insecta	1893940		Zumbado, Manuel Angel		CC0_1_0		Zobeida Fuentes			2023-10-19T06:03:12.158Z		COORDINATE_ROUNDED;CONTINENT_INVALID;CONTINENT_DERIVED_FROM_COORDINATES;TAXON_MATCH_TAXON_ID_IGNORED;INSTITUTION_MATCH_FUZZY;INSTITUTION_COLLECTION_MISMATCH
1254660365	3e9817c1-8302-4955-87e3-a408db0ea379	urn:catalog:INB:Atta:1875230	Animalia	Arthropoda	Insecta	Diptera	Oestridae	Dermatobia	Dermatobia hominis		SPECIES	Dermatobia hominis (Linnaeus, 1781)	Dermatobia hominis	(Linnaeus. Desc 2 & Pallas)	CR	Upala, Sector San Ramón de Dos Ríos, 1.5 Km NW Hacienda Nueva Zelandia.	Alajuela	PRESENT		5c7a5c20-1bd0-11d8-a2da-b8a03c50a862	10.883267	-85.413544			620.0	0.0			1994-06-10T00:00:00	10	6	1994	1587436	1587436	PRESERVED_SPECIMEN	INBio	Insecta	1875230		Zumbado, Manuel Angel		CC0_1_0		d Fam. Hurtado G			2023-10-19T06:02:37.114Z		COORDINATE_ROUNDED;CONTINENT_INVALID;CONTINENT_DERIVED_FROM_COORDINATES;TAXON_MATCH_TAXON_ID_IGNORED;INSTITUTION_MATCH_FUZZY;INSTITUTION_COLLECTION_MISMATCH
1254630644	3e9817c1-8302-4955-87e3-a408db0ea379	urn:catalog:INB:Atta:1824979	Animalia	Arthropoda	Insecta	Diptera	Oestridae	Dermatobia	Dermatobia hominis		SPECIES	Dermatobia hominis (Linnaeus, 1781)	Dermatobia hominis	(Linnaeus. Desc 2 & Pallas)	CR	Finca Jenny.	Guanacaste	PRESENT		5c7a5c20-1bd0-11d8-a2da-b8a03c50a862	10.865507	-85.573539			300.0	0.0			1993-10-10T00:00:00	10	10	1993	1587436	1587436	PRESERVED_SPECIMEN	INBio	Insecta	1824979		Zumbado, Manuel Angel		CC0_1_0		Elda Araya			2023-10-19T06:03:10.235Z		COORDINATE_ROUNDED;CONTINENT_INVALID;CONTINENT_DERIVED_FROM_COORDINATES;TAXON_MATCH_TAXON_ID_IGNORED;INSTITUTION_MATCH_FUZZY;INSTITUTION_COLLECTION_MISMATCH
1254620099	3e9817c1-8302-4955-87e3-a408db0ea379	urn:catalog:INB:Atta:1848604	Animalia	Arthropoda	Insecta	Diptera	Oestridae	Dermatobia	Dermatobia hominis		SPECIES	Dermatobia hominis (Linnaeus, 1781)	Dermatobia hominis	(Linnaeus. Desc 2 & Pallas)	CR	R.B. Hitoy Cerere, Sendero Toma de Agua	Limón	PRESENT		5c7a5c20-1bd0-11d8-a2da-b8a03c50a862	9.675378	-83.026776			150.0	50.0			1993-05-20T00:00:00	20	5	1993	1587436	1587436	PRESERVED_SPECIMEN	INBio	Insecta	1848604		Zumbado, Manuel Angel		CC0_1_0		Gerardo Carballo			2023-10-19T06:03:11.791Z		COORDINATE_ROUNDED;CONTINENT_INVALID;CONTINENT_DERIVED_FROM_COORDINATES;TAXON_MATCH_TAXON_ID_IGNORED;INSTITUTION_MATCH_FUZZY;INSTITUTION_COLLECTION_MISMATCH
1254591821	3e9817c1-8302-4955-87e3-a408db0ea379	urn:catalog:INB:Atta:1813023	Animalia	Arthropoda	Insecta	Diptera	Oestridae	Dermatobia	Dermatobia hominis		SPECIES	Dermatobia hominis (Linnaeus, 1781)	Dermatobia hominis	(Linnaeus. Desc 2 & Pallas)	CR	A.C.A, Central, Reserva Bosque Eterno de los Niños, Sector Monteverde, Sendero El Camino	Puntarenas	PRESENT		5c7a5c20-1bd0-11d8-a2da-b8a03c50a862	10.298429	-84.792544			1520.0	0.0			1993-08-01T00:00:00	1	8	1993	1587436	1587436	PRESERVED_SPECIMEN	INBio	Insecta	1813023		Zumbado, Manuel Angel		CC0_1_0		Karla Taylor			2023-10-19T06:02:36.573Z		COORDINATE_ROUNDED;CONTINENT_INVALID;CONTINENT_DERIVED_FROM_COORDINATES;TAXON_MATCH_TAXON_ID_IGNORED;INSTITUTION_MATCH_FUZZY;INSTITUTION_COLLECTION_MISMATCH
1254542619	3e9817c1-8302-4955-87e3-a408db0ea379	urn:catalog:INB:Atta:1781950	Animalia	Arthropoda	Insecta	Diptera	Oestridae	Dermatobia	Dermatobia hominis		SPECIES	Dermatobia hominis (Linnaeus, 1781)	Dermatobia hominis	(Linnaeus. Desc 2 & Pallas)	CR	Monteverde, Estación La Casona.	Puntarenas	PRESENT		5c7a5c20-1bd0-11d8-a2da-b8a03c50a862	10.3043	-84.796204			1520.0	0.0			1993-10-01T00:00:00	1	10	1993	1587436	1587436	PRESERVED_SPECIMEN	INBio	Insecta	1781950		Zumbado, Manuel Angel		CC0_1_0		Norman Obando			2023-10-19T06:02:36.347Z		COORDINATE_ROUNDED;CONTINENT_INVALID;CONTINENT_DERIVED_FROM_COORDINATES;TAXON_MATCH_TAXON_ID_IGNORED;INSTITUTION_MATCH_FUZZY;INSTITUTION_COLLECTION_MISMATCH
1254514587	3e9817c1-8302-4955-87e3-a408db0ea379	urn:catalog:INB:Atta:1718152	Animalia	Arthropoda	Insecta	Diptera	Oestridae	Dermatobia	Dermatobia hominis		SPECIES	Dermatobia hominis (Linnaeus, 1781)	Dermatobia hominis	(Linnaeus. Desc 2 & Pallas)	CR	Vuelta Campana, Rio Terraba, Rey Curre.	Puntarenas	PRESENT		5c7a5c20-1bd0-11d8-a2da-b8a03c50a862	8.979096	-83.263799			300.0	0.0			1993-02-02T00:00:00	2	2	1993	1587436	1587436	PRESERVED_SPECIMEN	INBio	Insecta	1718152		Zumbado, Manuel Angel		CC0_1_0		Sary Rojas			2023-10-19T06:03:11.003Z		COORDINATE_ROUNDED;CONTINENT_INVALID;CONTINENT_DERIVED_FROM_COORDINATES;TAXON_MATCH_TAXON_ID_IGNORED;INSTITUTION_MATCH_FUZZY;INSTITUTION_COLLECTION_MISMATCH
1254508560	3e9817c1-8302-4955-87e3-a408db0ea379	urn:catalog:INB:Atta:1745779	Animalia	Arthropoda	Insecta	Diptera	Oestridae	Dermatobia	Dermatobia hominis		SPECIES	Dermatobia hominis (Linnaeus, 1781)	Dermatobia hominis	(Linnaeus. Desc 2 & Pallas)	CR	Playuelas	Alajuela	PRESENT		5c7a5c20-1bd0-11d8-a2da-b8a03c50a862	10.955344	-84.749598			35.0	15.0			1994-02-01T00:00:00	1	2	1994	1587436	1587436	PRESERVED_SPECIMEN	INBio	Insecta	1745779		Zumbado, Manuel Angel		CC0_1_0		Kattia Martinez			2023-10-19T06:03:11.259Z		COORDINATE_ROUNDED;CONTINENT_INVALID;CONTINENT_DERIVED_FROM_COORDINATES;TAXON_MATCH_TAXON_ID_IGNORED;INSTITUTION_MATCH_FUZZY;INSTITUTION_COLLECTION_MISMATCH
1254441502	3e9817c1-8302-4955-87e3-a408db0ea379	urn:catalog:INB:Atta:167439	Animalia	Arthropoda	Insecta	Diptera	Oestridae	Dermatobia	Dermatobia hominis		SPECIES	Dermatobia hominis (Linnaeus, 1781)	Dermatobia hominis	(Linnaeus. Desc 2 & Pallas)	CR	Estacion El Ceibo.	Heredia	PRESENT		5c7a5c20-1bd0-11d8-a2da-b8a03c50a862	10.328044	-84.080424			500.0	100.0			1990-03-01T00:00:00	1	3	1990	1587436	1587436	PRESERVED_SPECIMEN	INBio	Insecta	167439		Zumbado, Manuel Angel		CC0_1_0		Carlos Chavez			2023-10-19T06:02:25.964Z		COORDINATE_ROUNDED;CONTINENT_INVALID;CONTINENT_DERIVED_FROM_COORDINATES;TAXON_MATCH_TAXON_ID_IGNORED;INSTITUTION_MATCH_FUZZY;INSTITUTION_COLLECTION_MISMATCH
1254202990	3e9817c1-8302-4955-87e3-a408db0ea379	urn:catalog:INB:Atta:1298785	Animalia	Arthropoda	Insecta	Diptera	Oestridae	Dermatobia	Dermatobia hominis		SPECIES	Dermatobia hominis (Linnaeus, 1781)	Dermatobia hominis	(Linnaeus. Desc 2 & Pallas)	CR	Talamanca, Amubri	Limón	PRESENT		5c7a5c20-1bd0-11d8-a2da-b8a03c50a862	9.519349	-82.956275			70.0	0.0			1993-01-05T00:00:00	5	1	1993	1587436	1587436	PRESERVED_SPECIMEN	INBio	Insecta	1298785		Zumbado, Manuel Angel		CC0_1_0		Gerardina Gallardo			2023-10-19T06:02:34.262Z		COORDINATE_ROUNDED;CONTINENT_INVALID;CONTINENT_DERIVED_FROM_COORDINATES;TAXON_MATCH_TAXON_ID_IGNORED;INSTITUTION_MATCH_FUZZY;INSTITUTION_COLLECTION_MISMATCH
1254177145	3e9817c1-8302-4955-87e3-a408db0ea379	urn:catalog:INB:Atta:122707	Animalia	Arthropoda	Insecta	Diptera	Oestridae	Dermatobia	Dermatobia hominis		SPECIES	Dermatobia hominis (Linnaeus, 1781)	Dermatobia hominis	(Linnaeus. Desc 2 & Pallas)	CR	Sarapiquí, Zona Prot La Selva, Est Biol La Selva.  Finca La Selva, 3 Km S de Sarapiquí	Heredia	PRESENT		5c7a5c20-1bd0-11d8-a2da-b8a03c50a862	10.439193	-84.010919			75.0	25.0			1990-02-01T00:00:00	1	2	1990	1587436	1587436	PRESERVED_SPECIMEN	INBio	Insecta	122707		Zumbado, Manuel Angel		CC0_1_0		Carlos Chavez; Reinaldo Aguilar			2023-10-19T06:02:25.480Z		COORDINATE_ROUNDED;CONTINENT_INVALID;CONTINENT_DERIVED_FROM_COORDINATES;TAXON_MATCH_TAXON_ID_IGNORED;INSTITUTION_MATCH_FUZZY;INSTITUTION_COLLECTION_MISMATCH
1254098464	3e9817c1-8302-4955-87e3-a408db0ea379	urn:catalog:INB:Atta:1159855	Animalia	Arthropoda	Insecta	Diptera	Oestridae	Dermatobia	Dermatobia hominis		SPECIES	Dermatobia hominis (Linnaeus, 1781)	Dermatobia hominis	(Linnaeus. Desc 2 & Pallas)	CR	A.C.A, La Cruz, La Garita, Est Los Almendros	Guanacaste	PRESENT		5c7a5c20-1bd0-11d8-a2da-b8a03c50a862	11.033856	-85.524793			300.0	0.0			1993-02-08T00:00:00	8	2	1993	1587436	1587436	PRESERVED_SPECIMEN	INBio	Insecta	1159855		Zumbado, Manuel Angel		CC0_1_0		Carolina Cano			2023-10-19T06:02:33.602Z		COORDINATE_ROUNDED;CONTINENT_INVALID;CONTINENT_DERIVED_FROM_COORDINATES;TAXON_MATCH_TAXON_ID_IGNORED;INSTITUTION_MATCH_FUZZY;INSTITUTION_COLLECTION_MISMATCH
1254084184	3e9817c1-8302-4955-87e3-a408db0ea379	urn:catalog:INB:Atta:1116319	Animalia	Arthropoda	Insecta	Diptera	Oestridae	Dermatobia	Dermatobia hominis		SPECIES	Dermatobia hominis (Linnaeus, 1781)	Dermatobia hominis	(Linnaeus. Desc 2 & Pallas)	CR	Santo Domingo, Santa Rosa, INBio	Heredia	PRESENT		5c7a5c20-1bd0-11d8-a2da-b8a03c50a862	9.973625	-84.094391			1100.0	0.0			1993-04-06T00:00:00	6	4	1993	1587436	1587436	PRESERVED_SPECIMEN	INBio	Insecta	1116319		Zumbado, Manuel Angel		CC0_1_0		Alvaro Fernandez			2023-10-19T06:03:06.949Z		COORDINATE_ROUNDED;CONTINENT_INVALID;CONTINENT_DERIVED_FROM_COORDINATES;TAXON_MATCH_TAXON_ID_IGNORED;INSTITUTION_MATCH_FUZZY;INSTITUTION_COLLECTION_MISMATCH
1254084167	3e9817c1-8302-4955-87e3-a408db0ea379	urn:catalog:INB:Atta:1116318	Animalia	Arthropoda	Insecta	Diptera	Oestridae	Dermatobia	Dermatobia hominis		SPECIES	Dermatobia hominis (Linnaeus, 1781)	Dermatobia hominis	(Linnaeus. Desc 2 & Pallas)	CR	Santo Domingo, Santa Rosa, INBio	Heredia	PRESENT		5c7a5c20-1bd0-11d8-a2da-b8a03c50a862	9.973625	-84.094391			1100.0	0.0			1993-04-06T00:00:00	6	4	1993	1587436	1587436	PRESERVED_SPECIMEN	INBio	Insecta	1116318		Zumbado, Manuel Angel		CC0_1_0		Alvaro Fernandez			2023-10-19T06:02:33.709Z		COORDINATE_ROUNDED;CONTINENT_INVALID;CONTINENT_DERIVED_FROM_COORDINATES;TAXON_MATCH_TAXON_ID_IGNORED;INSTITUTION_MATCH_FUZZY;INSTITUTION_COLLECTION_MISMATCH
1145946751	8044ee43-c5fe-44da-ad96-cc1a9cfb91ba	http://arctos.database.museum/guid/UAM:Ento:156732?seid=270403	Animalia	Arthropoda	Insecta	Diptera	Oestridae	Dermatobia	Dermatobia hominis		SPECIES	Dermatobia hominis (Linnaeus, 1781)	Dermatobia hominis		BZ	Hopkins		PRESENT	1	d9699a79-4736-45c2-925c-f4033ac67d52	16.8507	-88.2831	6000.0						2010-11-15T00:00:00	15	11	2010	1587436	1587436	PRESERVED_SPECIMEN	UAM	Ento	UAM:Ento:156732		Derek S. Sikes	2011-01-01T00:00:00	CC_BY_4_0					2023-09-29T20:43:15.659Z		CONTINENT_DERIVED_FROM_COORDINATES;OCCURRENCE_STATUS_INFERRED_FROM_INDIVIDUAL_COUNT;AMBIGUOUS_INSTITUTION
